dateTime,usUnits,interval,barometer,pressure,altimeter,inTemp,outTemp,inHumidity,outHumidity,windSpeed,windDir,windGust,windGustDir,rainRate,rain,dewpoint,windchill,heatindex,ET,radiation,UV,extraTemp1,extraTemp2,extraTemp3,soilTemp1,soilTemp2,soilTemp3,soilTemp4,leafTemp1,leafTemp2,extraHumid1,extraHumid2,soilMoist1,soilMoist2,soilMoist3,soilMoist4,leafWet1,leafWet2,rxCheckPercent,txBatteryStatus,consBatteryVoltage,hail,hailRate,heatingTemp,heatingVoltage,supplyVoltage,referenceVoltage,windBatteryStatus,rainBatteryStatus,outTempBatteryStatus,inTempBatteryStatus,appTemp,windrun
2025-01-15 00:00:00,1,5,29.592,29.2543107837774,29.5954354770946,26.27777777777778,20.0,61.0,87.0,0.0,,0.0,,0.0,0.0,17.766633884160385,20.0,20.0,0.0,,,,,,-67.77777777777777,-67.77777777777777,-67.77777777777777,-67.77777777777777,-67.77777777777777,-67.77777777777777,,,0.0,8.0,0.0,40.0,0.0,8.0,99.9375,0.0,4.36,,,,,,,,,,,22.695941624373162,0.0
2025-01-15 00:05:00,1,5,29.587,29.2493506232841,29.5904273065095,26.22222222222222,19.88888888888889,61.0,87.0,0.0,,0.0,,0.0,0.0,17.657439916304664,19.88888888888889,19.88888888888889,0.0,,,,,,-67.77777777777777,-67.77777777777777,-67.77777777777777,-67.77777777777777,-67.77777777777777,-67.77777777777777,,,0.0,8.0,0.0,40.0,0.0,8.0,58.0833333333333,0.0,4.36,,,,,,,,,,,22.5389785537945,0.0
2025-01-15 00:10:00,1,5,29.583,29.2453990192395,29.5864374532199,26.22222222222222,19.72222222222222,61.0,88.0,0.0,,0.0,,0.0,0.0,17.675083464855277,19.72222222222222,19.72222222222222,0.0,,,,,,-67.77777777777777,-67.77777777777777,-67.77777777777777,-67.77777777777777,-67.77777777777777,-67.77777777777777,,,0.0,8.0,0.0,40.0,0.0,8.0,99.9375,0.0,4.36,,,,,,,,,,,22.379701966767556,0.0
2025-01-15 00:15:00,1,5,29.578,29.2404389280413,29.5814293498059,26.166666666666664,19.61111111111111,61.0,88.0,0.0,,0.0,,0.0,0.0,17.565732163880387,19.61111111111111,19.61111111111111,0.0,,,,,,-67.77777777777777,-67.77777777777777,-67.77777777777777,-67.77777777777777,-67.77777777777777,-67.77777777777777,,,0.0,8.0,0.0,40.0,0.0,8.0,100.0,0.0,4.36,,,,,,,,,,,22.222904149828835,0.0
2025-01-15 00:20:00,1,5,29.57,29.2325411640916,29.5734551346258,26.11111111111111,19.499999999999996,61.0,89.0,0.0,,0.0,,0.0,0.0,17.635712125438502,19.499999999999996,19.499999999999996,0.0,,,,,,-67.77777777777777,-67.77777777777777,-67.77777777777777,-67.77777777777777,-67.77777777777777,-67.77777777777777,,,0.0,8.0,0.0,40.0,0.0,8.0,99.9375,0.0,4.36,,,,,,,,,,,22.140998751963664,0.0
2025-01-15 00:25:00,1,5,29.567,29.2295668221374,29.5704519996889,26.11111111111111,19.444444444444443,61.0,89.0,0.0,,1.0,292.5,0.0,0.0,17.580958942825834,19.444444444444443,19.444444444444443,0.0,,,,,,-67.77777777777777,-67.77777777777777,-67.77777777777777,-67.77777777777777,-67.77777777777777,-67.77777777777777,,,0.0,8.0,0.0,40.0,0.0,8.0,99.0833333333333,0.0,4.36,,,,,,,,,,,22.062582695820556,0.0
2025-01-15 00:30:00,1,5,29.564,29.2266202878103,29.5674769410177,26.055555555555557,19.388888888888893,61.0,90.0,0.0,,0.0,,0.0,0.0,17.703629558580392,19.388888888888893,19.388888888888893,0.0,,,,,,-67.77777777777777,-67.77777777777777,-67.77777777777777,-67.77777777777777,-67.77777777777777,-67.77777777777777,,,0.0,8.0,0.0,40.0,0.0,8.0,99.0833333333333,0.0,4.36,,,,,,,,,,,22.05834052209772,0.0
2025-01-15 00:35:00,1,5,29.561,29.2236459030842,29.5644737617806,26.055555555555557,19.333333333333332,61.0,90.0,0.0,,1.0,292.5,0.0,0.0,17.64879988946606,19.333333333333332,19.333333333333332,0.0,,,,,,-67.77777777777777,-67.77777777777777,-67.77777777777777,-67.77777777777777,-67.77777777777777,-67.77777777777777,,,0.0,8.0,0.0,40.0,0.0,8.0,99.0833333333333,0.0,4.36,,,,,,,,,,,21.979806704790832,0.0
2025-01-15 00:40:00,1,5,29.556,29.2193195911907,29.5601055666002,25.944444444444443,19.27777777777778,61.0,90.0,0.0,,1.0,292.5,0.0,0.0,17.59397006501483,19.27777777777778,19.27777777777778,0.0,,,,,,-67.77777777777777,-67.77777777777777,-67.77777777777777,-67.77777777777777,-67.77777777777777,-67.77777777777777,,,0.0,8.0,0.0,40.0,0.0,8.0,99.9375,0.0,4.36,,,,,,,,,,,21.901342170545554,0.0
2025-01-15 00:45:00,1,5,29.556,29.2193195911907,29.5601055666002,25.944444444444443,19.27777777777778,61.0,90.0,0.0,,0.0,,0.0,0.0,17.59397006501483,19.27777777777778,19.27777777777778,0.0,,,,,,-67.77777777777777,-67.77777777777777,-67.77777777777777,-67.77777777777777,-67.77777777777777,-67.77777777777777,,,0.0,8.0,0.0,40.0,0.0,8.0,99.9375,0.0,4.36,,,,,,,,,,,21.901342170545554,0.0
2025-01-15 00:50:00,1,5,29.554,29.2173253286681,29.5580919971028,25.888888888888886,19.166666666666668,61.0,90.0,0.0,,1.0,292.5,0.0,0.0,17.484309950099224,19.166666666666668,19.166666666666668,0.0,,,,,,-67.77777777777777,-67.77777777777777,-67.77777777777777,-67.77777777777777,-67.77777777777777,-67.77777777777777,,,0.0,8.0,0.0,40.0,0.0,8.0,99.9375,0.0,4.36,,,,,,,,,,,21.744620243840668,0.0
2025-01-15 00:55:00,1,5,29.544,29.2074307655662,29.5481016384349,25.833333333333332,19.111111111111114,61.0,90.0,0.0,,0.0,,0.0,0.0,17.429479659633557,19.111111111111114,19.111111111111114,0.0,,,,,,-67.77777777777777,-67.77777777777777,-67.77777777777777,-67.77777777777777,-67.77777777777777,-67.77777777777777,,,0.0,8.0,0.0,40.0,0.0,8.0,99.9375,0.0,4.36,,,,,,,,,,,21.666362498585556,0.0
2025-01-15 01:00:00,1,5,29.54,29.2034949699437,29.5441277361453,25.833333333333332,19.055555555555557,61.0,91.0,0.0,,0.0,,0.0,0.0,17.54990291719872,19.055555555555557,19.055555555555557,0.0,,,,,,-67.77777777777777,-67.77777777777777,-67.77777777777777,-67.77777777777777,-67.77777777777777,-67.77777777777777,,,0.0,8.0,0.0,40.0,0.0,8.0,99.9375,0.0,4.36,,,,,,,,,,,21.660757972746996,0.0
2025-01-15 01:05:00,1,5,29.533,29.1965832561542,29.5371491002522,25.777777777777782,19.111111111111114,61.0,91.0,0.0,,0.0,,0.0,0.0,17.604808741517832,19.111111111111114,19.111111111111114,0.0,,,,,,-67.77777777777777,-67.77777777777777,-67.77777777777777,-67.77777777777777,-67.77777777777777,-67.77777777777777,,,0.0,8.0,0.0,40.0,0.0,8.0,99.9375,0.0,4.36,,,,,,,,,,,21.739198625113055,0.0
2025-01-15 01:10:00,1,5,29.525,29.1886658425047,29.5291550231731,25.777777777777782,19.055555555555557,61.0,91.0,0.0,,0.0,,0.0,0.0,17.54990291719872,19.055555555555557,19.055555555555557,0.0,,,,,,-67.77777777777777,-67.77777777777777,-67.77777777777777,-67.77777777777777,-67.77777777777777,-67.77777777777777,,,0.0,8.0,0.0,8.0,0.0,8.0,99.9375,0.0,4.36,,,,,,,,,,,21.660757972746996,0.0
2025-01-15 01:15:00,1,5,29.522,29.1857000170169,29.5261604789065,25.72222222222222,19.055555555555557,61.0,91.0,0.0,,0.0,,0.0,0.0,17.54990291719872,19.055555555555557,19.055555555555557,0.0,,,,,,-67.77777777777777,-67.77777777777777,-67.77777777777777,-67.77777777777777,-67.77777777777777,-67.77777777777777,,,0.0,8.0,0.0,8.0,0.0,8.0,99.9375,0.0,4.36,,,,,,,,,,,21.660757972746996,0.0
2025-01-15 01:20:00,1,5,29.521,29.1847384777158,29.5251896286767,25.666666666666668,19.055555555555557,61.0,92.0,0.0,,0.0,,0.0,0.0,17.72347829121622,19.055555555555557,19.055555555555557,0.0,,,,,,-67.77777777777777,-67.77777777777777,-67.77777777777777,-67.77777777777777,-67.77777777777777,-67.77777777777777,,,0.0,8.0,0.0,8.0,0.0,8.0,100.0,0.0,4.36,,,,,,,,,,,21.73334261469417,0.0
2025-01-15 01:25:00,1,5,29.516,29.1798040638763,29.5202074322229,25.666666666666668,19.111111111111114,61.0,92.0,0.0,,0.0,,0.0,0.0,17.778458823229226,19.111111111111114,19.111111111111114,0.0,,,,,,-67.77777777777777,-67.77777777777777,-67.77777777777777,-67.77777777777777,-67.77777777777777,-67.77777777777777,,,0.0,8.0,0.0,8.0,0.0,8.0,99.9375,0.0,4.36,,,,,,,,,,,21.812034751640553,0.0
2025-01-15 01:30:00,1,5,29.514,29.1778268444656,29.5182110658874,25.611111111111107,19.111111111111114,62.0,92.0,0.0,,0.0,,0.0,0.0,17.778458823229226,19.111111111111114,19.111111111111114,0.0,,,,,,-67.77777777777777,-67.77777777777777,-67.77777777777777,-67.77777777777777,-67.77777777777777,-67.77777777777777,,,0.0,8.0,0.0,8.0,0.0,8.0,99.0833333333333,0.0,4.36,,,,,,,,,,,21.812034751640553,0.0
2025-01-15 01:35:00,1,5,29.509,29.1728837959387,29.5132201489642,25.555555555555557,19.111111111111114,62.0,92.0,0.0,,0.0,,0.0,0.0,17.778458823229226,19.111111111111114,19.111111111111114,0.0,,,,,,-67.77777777777777,-67.77777777777777,-67.77777777777777,-67.77777777777777,-67.77777777777777,-67.77777777777777,,,0.0,8.0,0.0,8.0,0.0,8.0,99.0833333333333,0.0,4.36,,,,,,,,,,,21.812034751640553,0.0
2025-01-15 01:40:00,1,5,29.51,29.1732210127726,29.5135606314493,25.555555555555557,19.111111111111114,62.0,91.0,0.0,,0.0,,0.0,0.0,17.604808741517832,19.111111111111114,19.111111111111114,0.0,,,,,,-67.77777777777777,-67.77777777777777,-67.77777777777777,-67.77777777777777,-67.77777777777777,-67.77777777777777,,,0.0,8.0,0.0,8.0,0.0,8.0,99.0833333333333,0.0,4.36,,,,,,,,,,,21.739198625113055,0.0
2025-01-15 01:45:00,1,5,29.505,29.1682695052958,29.5085611722122,25.500000000000004,19.055555555555557,62.0,91.0,0.0,,0.0,,0.0,0.0,17.54990291719872,19.055555555555557,19.055555555555557,0.0,,,,,,-67.77777777777777,-67.77777777777777,-67.77777777777777,-67.77777777777777,-67.77777777777777,-67.77777777777777,,,0.0,8.0,0.0,8.0,0.0,8.0,99.9375,0.0,4.36,,,,,,,,,,,21.660757972746996,0.0
2025-01-15 01:50:00,1,5,29.505,29.1683053224777,29.5085973362631,25.500000000000004,19.111111111111114,62.0,92.0,0.0,,1.0,292.5,0.0,0.0,17.778458823229226,19.111111111111114,19.111111111111114,0.0,,,,,,-67.77777777777777,-67.77777777777777,-67.77777777777777,-67.77777777777777,-67.77777777777777,-67.77777777777777,,,0.0,8.0,0.0,8.0,0.0,8.0,99.9375,0.0,4.36,,,,,,,,,,,21.812034751640553,0.0
2025-01-15 01:55:00,1,5,29.503,29.1669781810512,29.5072573421728,25.444444444444443,19.27777777777778,62.0,92.0,0.0,,1.0,292.5,0.0,0.0,17.943399678631053,19.27777777777778,19.27777777777778,0.0,,,,,,-67.77777777777777,-67.77777777777777,-67.77777777777777,-67.77777777777777,-67.77777777777777,-67.77777777777777,,,0.0,8.0,0.0,8.0,0.0,8.0,99.9375,0.0,4.36,,,,,,,,,,,22.048532490384833,0.0
2025-01-15 02:00:00,1,5,29.504,29.1679653635301,29.5082540850033,25.38888888888889,19.444444444444443,62.0,91.0,0.0,,1.0,292.5,0.0,0.0,17.934240761418277,19.444444444444443,19.444444444444443,0.0,,,,,,-67.77777777777777,-67.77777777777777,-67.77777777777777,-67.77777777777777,-67.77777777777777,-67.77777777777777,,,0.0,8.0,0.0,8.0,0.0,8.0,99.9375,0.0,4.36,,,,,,,,,,,22.21130490371667,0.0
2025-01-15 02:05:00,1,5,29.504,29.1679828242122,29.5082717147825,25.38888888888889,19.555555555555557,62.0,91.0,0.0,,0.0,,0.0,0.0,18.04405032005905,19.555555555555557,19.555555555555557,0.0,,,,,,-67.77777777777777,-67.77777777777777,-67.77777777777777,-67.77777777777777,-67.77777777777777,-67.77777777777777,,,0.0,8.0,0.0,8.0,0.0,8.0,99.9375,0.0,4.36,,,,,,,,,,,22.369235046023558,0.0
2025-01-15 02:10:00,1,5,29.502,29.1659863778081,29.5062559337661,25.33333333333333,19.61111111111111,62.0,90.0,0.0,,0.0,,0.0,0.0,17.922946681682667,19.61111111111111,19.61111111111111,0.0,,,,,,-67.77777777777777,-67.77777777777777,-67.77777777777777,-67.77777777777777,-67.77777777777777,-67.77777777777777,,,0.0,8.0,0.0,8.0,0.0,8.0,99.9375,0.0,4.36,,,,,,,,,,,22.37317217343606,0.0
2025-01-15 02:15:00,1,5,29.501,29.1649890937624,29.5052489914148,25.33333333333333,19.555555555555557,62.0,90.0,0.0,,0.0,,0.0,0.0,17.868117633909055,19.555555555555557,19.555555555555557,0.0,,,,,,-67.77777777777777,-67.77777777777777,-67.77777777777777,-67.77777777777777,-67.77777777777777,-67.77777777777777,,,0.0,8.0,0.0,8.0,0.0,8.0,99.9375,0.0,4.36,,,,,,,,,,,22.294359447227166,0.0
2025-01-15 02:20:00,1,5,29.497,29.1610346530189,29.5012562528396,25.27777777777778,19.555555555555557,62.0,90.0,0.0,,0.0,,0.0,0.0,17.868117633909055,19.555555555555557,19.555555555555557,0.0,,,,,,-67.77777777777777,-67.77777777777777,-67.77777777777777,-67.77777777777777,-67.77777777777777,-67.77777777777777,,,0.0,8.0,0.0,8.0,0.0,8.0,99.9375,0.0,4.36,,,,,,,,,,,22.294359447227166,0.0
2025-01-15 02:25:00,1,5,29.492,29.1560657436034,29.4962392192945,25.27777777777778,19.388888888888893,62.0,90.0,0.0,,0.0,,0.0,0.0,17.703629558580392,19.388888888888893,19.388888888888893,0.0,,,,,,-67.77777777777777,-67.77777777777777,-67.77777777777777,-67.77777777777777,-67.77777777777777,-67.77777777777777,,,0.0,8.0,0.0,8.0,0.0,8.0,100.0,0.0,4.36,,,,,,,,,,,22.05834052209772,0.0
2025-01-15 02:30:00,1,5,29.491,29.15505150676,29.4952151593253,25.222222222222225,19.222222222222218,62.0,90.0,0.0,,0.0,,0.0,0.0,17.53914008522611,19.222222222222218,19.222222222222218,0.0,,,,,,-67.77777777777777,-67.77777777777777,-67.77777777777777,-67.77777777777777,-67.77777777777777,-67.77777777777777,,,0.0,8.0,0.0,8.0,0.0,8.0,99.9375,0.0,4.36,,,,,,,,,,,21.82294674242161,0.0
2025-01-15 02:35:00,1,5,29.486,29.1500830697083,29.4901986008323,25.166666666666668,19.055555555555557,62.0,90.0,0.0,,0.0,,0.0,0.0,17.374649213828334,19.055555555555557,19.055555555555557,0.0,,,,,,-67.77777777777777,-67.77777777777777,-67.77777777777777,-67.77777777777777,-67.77777777777777,-67.77777777777777,,,0.0,8.0,0.0,8.0,0.0,8.0,99.9375,0.0,4.36,,,,,,,,,,,21.588173330799837,0.0
2025-01-15 02:40:00,1,5,29.49,29.1540475549779,29.4942014839665,25.166666666666668,18.944444444444443,62.0,91.0,0.0,,0.0,,0.0,0.0,17.440090850553663,18.944444444444443,18.944444444444443,0.0,,,,,,-67.77777777777777,-67.77777777777777,-67.77777777777777,-67.77777777777777,-67.77777777777777,-67.77777777777777,,,0.0,8.0,0.0,8.0,0.0,8.0,99.9375,0.0,4.36,,,,,,,,,,,21.504083976917723,0.0
2025-01-15 02:45:00,1,5,29.484,29.1481074521244,29.4882038481105,25.11111111111111,18.88888888888889,62.0,91.0,0.0,,0.0,,0.0,0.0,17.38518460822667,18.88888888888889,18.88888888888889,0.0,,,,,,-67.77777777777777,-67.77777777777777,-67.77777777777777,-67.77777777777777,-67.77777777777777,-67.77777777777777,,,0.0,8.0,0.0,8.0,0.0,8.0,99.0833333333333,0.0,4.36,,,,,,,,,,,21.425850279652668,0.0
2025-01-15 02:50:00,1,5,29.482,29.1467433054933,29.4868264886896,25.11111111111111,18.833333333333336,62.0,91.0,0.0,,0.0,,0.0,0.0,17.330278226562726,18.833333333333336,18.833333333333336,0.0,,,,,,-67.77777777777777,-67.77777777777777,-67.77777777777777,-67.77777777777777,-67.77777777777777,-67.77777777777777,,,0.0,8.0,0.0,8.0,0.0,8.0,99.9375,0.0,4.36,,,,,,,,,,,21.347685214224164,0.0
2025-01-15 02:55:00,1,5,29.483,29.1470936306759,29.4871802070473,25.11111111111111,18.72222222222222,62.0,91.0,0.0,,0.0,,0.0,0.0,17.220465045221502,18.72222222222222,18.72222222222222,0.0,,,,,,-67.77777777777777,-67.77777777777777,-67.77777777777777,-67.77777777777777,-67.77777777777777,-67.77777777777777,,,0.0,8.0,0.0,8.0,0.0,8.0,99.9375,0.0,4.36,,,,,,,,,,,21.19156027525978,0.0
2025-01-15 03:00:00,1,5,29.482,29.1460883407358,29.4861651800621,25.055555555555554,18.61111111111111,62.0,91.0,0.0,,0.0,,0.0,0.0,17.110651306525945,18.61111111111111,18.61111111111111,0.0,,,,,,-67.77777777777777,-67.77777777777777,-67.77777777777777,-67.77777777777777,-67.77777777777777,-67.77777777777777,,,0.0,8.0,0.0,8.0,0.0,8.0,99.0833333333333,0.0,4.36,,,,,,,,,,,21.035707756403056,0.0
2025-01-15 03:05:00,1,5,29.477,29.141154849362,29.4811839029091,25.055555555555554,18.5,62.0,92.0,0.0,,0.0,,0.0,0.0,17.17366618180661,18.5,18.5,0.0,,,,,,-67.77777777777777,-67.77777777777777,-67.77777777777777,-67.77777777777777,-67.77777777777777,-67.77777777777777,,,0.0,8.0,0.0,8.0,0.0,8.0,99.9375,0.0,4.36,,,,,,,,,,,20.950237537381003,0.0
2025-01-15 03:10:00,1,5,29.47,29.1342262631871,29.4741882038648,25.0,18.444444444444443,62.0,92.0,0.0,,1.0,292.5,0.0,0.0,17.118684291928503,18.444444444444443,18.444444444444443,0.0,,,,,,-67.77777777777777,-67.77777777777777,-67.77777777777777,-67.77777777777777,-67.77777777777777,-67.77777777777777,,,0.0,8.0,0.0,8.0,0.0,8.0,99.9375,0.0,4.36,,,,,,,,,,,20.87230475645872,0.0
2025-01-15 03:15:00,1,5,29.468,29.1322407358388,29.472183443396,24.944444444444446,18.388888888888886,62.0,92.0,0.0,,0.0,,0.0,0.0,17.063702278605668,18.388888888888886,18.388888888888886,0.0,,,,,,-67.77777777777777,-67.77777777777777,-67.77777777777777,-67.77777777777777,-67.77777777777777,-67.77777777777777,,,0.0,8.0,0.0,8.0,0.0,8.0,99.9375,0.0,4.36,,,,,,,,,,,20.794439948345058,0.0
2025-01-15 03:20:00,1,5,29.465,29.1298879492841,29.4698078658831,24.944444444444446,18.333333333333332,62.0,92.0,0.0,,0.0,,0.0,0.0,17.008720141837607,18.333333333333332,18.333333333333332,0.0,,,,,,-67.77777777777777,-67.77777777777777,-67.77777777777777,-67.77777777777777,-67.77777777777777,-67.77777777777777,,,0.0,8.0,0.0,8.0,0.0,8.0,99.9375,0.0,4.36,,,,,,,,,,,20.716642938020716,0.0
2025-01-15 03:25:00,1,5,29.467,29.1312613270794,29.4711945473486,24.88888888888889,18.277777777777782,62.0,93.0,0.0,,0.0,,0.0,0.0,17.1246340959385,18.277777777777782,18.277777777777782,0.0,,,,,,-67.77777777777777,-67.77777777777777,-67.77777777777777,-67.77777777777777,-67.77777777777777,-67.77777777777777,,,0.0,8.0,0.0,8.0,0.0,8.0,99.9375,0.0,4.36,,,,,,,,,,,20.708056330969725,0.0
2025-01-15 03:30:00,1,5,29.468,29.1322582869122,29.4722011644817,24.88888888888889,18.333333333333332,62.0,93.0,0.0,,0.0,,0.0,0.0,17.179690185256888,18.333333333333332,18.333333333333332,0.0,,,,,,-67.77777777777777,-67.77777777777777,-67.77777777777777,-67.77777777777777,-67.77777777777777,-67.77777777777777,,,0.0,8.0,0.0,8.0,0.0,8.0,99.9375,0.0,4.36,,,,,,,,,,,20.786026738071726,0.0
2025-01-15 03:35:00,1,5,29.466,29.1309023197238,29.4708320623632,24.833333333333332,18.333333333333332,62.0,93.0,0.0,,0.0,,0.0,0.0,17.179690185256888,18.333333333333332,18.333333333333332,0.0,,,,,,-67.77777777777777,-67.77777777777777,-67.77777777777777,-67.77777777777777,-67.77777777777777,-67.77777777777777,,,0.0,8.0,0.0,8.0,0.0,8.0,99.9375,0.0,4.36,,,,,,,,,,,20.786026738071726,0.0
2025-01-15 03:40:00,1,5,29.463,29.127894254393,29.4677948582055,24.777777777777775,18.22222222222222,62.0,92.0,0.0,,0.0,,0.0,0.0,16.898755497964224,18.22222222222222,18.22222222222222,0.0,,,,,,-67.77777777777777,-67.77777777777777,-67.77777777777777,-67.77777777777777,-67.77777777777777,-67.77777777777777,,,0.0,8.0,0.0,8.0,0.0,8.0,99.9375,0.0,4.36,,,,,,,,,,,20.561251612469228,0.0
2025-01-15 03:45:00,1,5,29.462,29.1262597428748,29.4661445130971,24.777777777777775,18.055555555555557,62.0,92.0,0.0,,0.0,,0.0,0.0,16.733807606304836,18.055555555555557,18.055555555555557,0.0,,,,,,-67.77777777777777,-67.77777777777777,-67.77777777777777,-67.77777777777777,-67.77777777777777,-67.77777777777777,,,0.0,8.0,0.0,8.0,0.0,8.0,99.0833333333333,0.0,4.36,,,,,,,,,,,20.328668752826445,0.0
2025-01-15 03:50:00,1,5,29.457,29.1213338870785,29.4611709392769,24.72222222222222,18.000000000000004,62.0,93.0,0.0,,0.0,,0.0,0.0,16.84935203448567,18.000000000000004,18.000000000000004,0.0,,,,,,-67.77777777777777,-67.77777777777777,-67.77777777777777,-67.77777777777777,-67.77777777777777,-67.77777777777777,,,0.0,8.0,0.0,8.0,0.0,8.0,99.9375,0.0,4.36,,,,,,,,,,,20.319223513964,0.0
2025-01-15 03:55:00,1,5,29.454,29.1183762972524,29.4581846977814,24.72222222222222,18.055555555555557,62.0,93.0,0.0,,0.0,,0.0,0.0,16.904408662092056,18.055555555555557,18.055555555555557,0.0,,,,,,-67.77777777777777,-67.77777777777777,-67.77777777777777,-67.77777777777777,-67.77777777777777,-67.77777777777777,,,0.0,8.0,0.0,8.0,0.0,8.0,99.9375,0.0,4.36,,,,,,,,,,,20.396854765840274,0.0
2025-01-15 04:00:00,1,5,29.449,29.1134168494084,29.4531772040085,24.66666666666667,17.944444444444443,62.0,93.0,0.0,,0.0,,0.0,0.0,16.794295299220668,17.944444444444443,17.944444444444443,0.0,,,,,,-67.77777777777777,-67.77777777777777,-67.77777777777777,-67.77777777777777,-67.77777777777777,-67.77777777777777,,,0.0,8.0,0.0,8.0,0.0,8.0,99.0833333333333,0.0,4.36,,,,,,,,,,,20.241659568554056,0.0
2025-01-15 04:05:00,1,5,29.446,29.1104428624973,29.450174405083,24.66666666666667,17.88888888888889,62.0,93.0,0.0,,0.0,,0.0,0.0,16.73923845629683,17.88888888888889,17.88888888888889,0.0,,,,,,-67.77777777777777,-67.77777777777777,-67.77777777777777,-67.77777777777777,-67.77777777777777,-67.77777777777777,,,0.0,8.0,0.0,8.0,0.0,8.0,99.9375,0.0,4.36,,,,,,,,,,,20.1641627555955,0.0
2025-01-15 04:10:00,1,5,29.447,29.1114565849699,29.451197948572,24.66666666666667,17.88888888888889,63.0,94.0,0.0,,0.0,,0.0,0.0,16.90802086396139,17.88888888888889,17.88888888888889,0.0,,,,,,-67.77777777777777,-67.77777777777777,-67.77777777777777,-67.77777777777777,-67.77777777777777,-67.77777777777777,,,0.0,8.0,0.0,8.0,0.0,8.0,99.9375,0.0,4.36,,,,,,,,,,,20.231638818678327,0.0
2025-01-15 04:15:00,1,5,29.446,29.1104597449327,29.4501914510772,24.61111111111111,17.83333333333333,63.0,94.0,0.0,,0.0,,0.0,0.0,16.852890852948335,17.83333333333333,17.83333333333333,0.0,,,,,,-67.77777777777777,-67.77777777777777,-67.77777777777777,-67.77777777777777,-67.77777777777777,-67.77777777777777,,,0.0,8.0,0.0,8.0,0.0,8.0,99.9375,0.0,4.36,,,,,,,,,,,20.153973757005172,0.0
2025-01-15 04:20:00,1,5,29.446,29.1104515349026,29.4501831615074,24.555555555555557,17.77777777777778,63.0,94.0,0.0,,0.0,,0.0,0.0,16.797760749959668,17.77777777777778,17.77777777777778,0.0,,,,,,-67.77777777777777,-67.77777777777777,-67.77777777777777,-67.77777777777777,-67.77777777777777,-67.77777777777777,,,0.0,8.0,0.0,8.0,0.0,8.0,99.9375,0.0,4.36,,,,,,,,,,,20.076376198959444,0.0
2025-01-15 04:25:00,1,5,29.444,29.1084825351422,29.4481950857497,24.555555555555557,17.83333333333333,63.0,94.0,0.0,,0.0,,0.0,0.0,16.852890852948335,17.83333333333333,17.83333333333333,0.0,,,,,,-67.77777777777777,-67.77777777777777,-67.77777777777777,-67.77777777777777,-67.77777777777777,-67.77777777777777,,,0.0,8.0,0.0,8.0,0.0,8.0,99.9375,0.0,4.36,,,,,,,,,,,20.153973757005172,0.0
2025-01-15 04:30:00,1,5,29.444,29.1084661409656,29.4481785327425,24.555555555555557,17.72222222222222,63.0,94.0,0.0,,0.0,,0.0,0.0,16.742630554995056,17.72222222222222,17.72222222222222,0.0,,,,,,-67.77777777777777,-67.77777777777777,-67.77777777777777,-67.77777777777777,-67.77777777777777,-67.77777777777777,,,0.0,8.0,0.0,8.0,0.0,8.0,99.9375,0.0,4.36,,,,,,,,,,,19.998845969747784,0.0
2025-01-15 04:35:00,1,5,29.443,29.1074775366271,29.4471803505467,24.499999999999996,17.72222222222222,63.0,94.0,0.0,,0.0,,0.0,0.0,16.742630554995056,17.72222222222222,17.72222222222222,0.0,,,,,,-67.77777777777777,-67.77777777777777,-67.77777777777777,-67.77777777777777,-67.77777777777777,-67.77777777777777,,,0.0,8.0,0.0,8.0,0.0,8.0,99.9375,0.0,4.36,,,,,,,,,,,19.998845969747784,0.0
2025-01-15 04:40:00,1,5,29.442,29.1071017854826,29.4468009590106,24.444444444444443,17.666666666666668,63.0,94.0,0.0,,0.0,,0.0,0.0,16.687500268054333,17.666666666666668,17.666666666666668,0.0,,,,,,-67.77777777777777,-67.77777777777777,-67.77777777777777,-67.77777777777777,-67.77777777777777,-67.77777777777777,,,0.0,8.0,0.0,8.0,0.0,8.0,99.9375,0.0,4.36,,,,,,,,,,,19.921382894940166,0.0
2025-01-15 04:45:00,1,5,29.444,29.1084743256698,29.448186796742,24.444444444444443,17.77777777777778,63.0,94.0,0.0,,0.0,,0.0,0.0,16.797760749959668,17.77777777777778,17.77777777777778,0.0,,,,,,-67.77777777777777,-67.77777777777777,-67.77777777777777,-67.77777777777777,-67.77777777777777,-67.77777777777777,,,0.0,8.0,0.0,8.0,0.0,8.0,99.9375,0.0,4.36,,,,,,,,,,,20.076376198959444,0.0
2025-01-15 04:50:00,1,5,29.444,29.1084907694452,29.4482033998285,24.444444444444443,17.88888888888889,63.0,94.0,0.0,,0.0,,0.0,0.0,16.90802086396139,17.88888888888889,17.88888888888889,0.0,,,,,,-67.77777777777777,-67.77777777777777,-67.77777777777777,-67.77777777777777,-67.77777777777777,-67.77777777777777,,,0.0,8.0,0.0,8.0,0.0,8.0,99.0833333333333,0.0,4.36,,,,,,,,,,,20.231638818678327,0.0
2025-01-15 04:55:00,1,5,29.441,29.1055167204566,29.4452005372925,24.388888888888893,17.83333333333333,63.0,94.0,0.0,,0.0,,0.0,0.0,16.852890852948335,17.83333333333333,17.83333333333333,0.0,,,,,,-67.77777777777777,-67.77777777777777,-67.77777777777777,-67.77777777777777,-67.77777777777777,-67.77777777777777,,,0.0,8.0,0.0,8.0,0.0,8.0,99.0833333333333,0.0,4.36,,,,,,,,,,,20.153973757005172,0.0
2025-01-15 05:00:00,1,5,29.439,29.1035231192734,29.4431876211421,24.388888888888893,17.72222222222222,63.0,94.0,0.0,,0.0,,0.0,0.0,16.742630554995056,17.72222222222222,17.72222222222222,0.0,,,,,,-67.77777777777777,-67.77777777777777,-67.77777777777777,-67.77777777777777,-67.77777777777777,-67.77777777777777,,,0.0,8.0,0.0,8.0,0.0,8.0,99.9375,0.0,4.36,,,,,,,,,,,19.998845969747784,0.0
2025-01-15 05:05:00,1,5,29.438,29.1025345149349,29.4421894386356,24.333333333333332,17.72222222222222,63.0,94.0,0.0,,0.0,,0.0,0.0,16.742630554995056,17.72222222222222,17.72222222222222,0.0,,,,,,-67.77777777777777,-67.77777777777777,-67.77777777777777,-67.77777777777777,-67.77777777777777,-67.77777777777777,,,0.0,8.0,0.0,8.0,0.0,8.0,99.0833333333333,0.0,4.36,,,,,,,,,,,19.998845969747784,0.0
2025-01-15 05:10:00,1,5,29.436,29.1005410153336,29.4401766246731,24.333333333333332,17.61111111111111,63.0,94.0,0.0,,0.0,,0.0,0.0,16.632369889137223,17.61111111111111,17.61111111111111,0.0,,,,,,-67.77777777777777,-67.77777777777777,-67.77777777777777,-67.77777777777777,-67.77777777777777,-67.77777777777777,,,0.0,8.0,0.0,8.0,0.0,8.0,99.9375,0.0,4.36,,,,,,,,,,,19.843986800469114,0.0
2025-01-15 05:15:00,1,5,29.435,29.0995443032563,29.439170255686,24.27777777777778,17.555555555555557,63.0,94.0,0.0,,0.0,,0.0,0.0,16.57723941824361,17.555555555555557,17.555555555555557,0.0,,,,,,-67.77777777777777,-67.77777777777777,-67.77777777777777,-67.77777777777777,-67.77777777777777,-67.77777777777777,,,0.0,8.0,0.0,8.0,0.0,8.0,99.9375,0.0,4.36,,,,,,,,,,,19.766657512629447,0.0
2025-01-15 05:20:00,1,5,29.437,29.1021505563731,29.4418017600453,24.27777777777778,17.61111111111111,63.0,94.0,0.0,,0.0,,0.0,0.0,16.632369889137223,17.61111111111111,17.61111111111111,0.0,,,,,,-67.77777777777777,-67.77777777777777,-67.77777777777777,-67.77777777777777,-67.77777777777777,-67.77777777777777,,,0.0,8.0,0.0,8.0,0.0,8.0,99.9375,0.0,4.36,,,,,,,,,,,19.843986800469114,0.0
2025-01-15 05:25:00,1,5,29.438,29.1031391812518,29.4427999633153,24.27777777777778,17.61111111111111,63.0,94.0,0.0,,0.0,,0.0,0.0,16.632369889137223,17.61111111111111,17.61111111111111,0.0,,,,,,-67.77777777777777,-67.77777777777777,-67.77777777777777,-67.77777777777777,-67.77777777777777,-67.77777777777777,,,0.0,8.0,0.0,8.0,0.0,8.0,99.9375,0.0,4.36,,,,,,,,,,,19.843986800469114,0.0
2025-01-15 05:30:00,1,5,29.448,29.1130416673313,29.4527983871948,24.222222222222218,17.72222222222222,63.0,94.0,0.0,,0.0,,0.0,0.0,16.742630554995056,17.72222222222222,17.72222222222222,0.0,,,,,,-67.77777777777777,-67.77777777777777,-67.77777777777777,-67.77777777777777,-67.77777777777777,-67.77777777777777,,,0.0,8.0,0.0,8.0,0.0,8.0,99.9375,0.0,4.36,,,,,,,,,,,19.998845969747784,0.0
2025-01-15 05:35:00,1,5,29.462,29.1269069757549,29.4667980157729,24.166666666666668,17.88888888888889,63.0,94.0,0.0,,2.0,225.0,0.0,0.0,16.90802086396139,17.88888888888889,17.88888888888889,0.0,,,,,,-67.77777777777777,-67.77777777777777,-67.77777777777777,-67.77777777777777,-67.77777777777777,-67.77777777777777,,,0.0,8.0,0.0,8.0,0.0,8.0,99.0833333333333,0.0,4.36,,,,,,,,,,,20.231638818678327,0.0
2025-01-15 05:40:00,1,5,29.463,29.1279203786115,29.467821235489,24.166666666666668,18.055555555555557,63.0,94.0,0.0,,3.0,180.0,0.0,0.0,17.073410345148833,18.055555555555557,18.055555555555557,0.0,,,,,,-67.77777777777777,-67.77777777777777,-67.77777777777777,-67.77777777777777,-67.77777777777777,-67.77777777777777,,,0.0,8.0,0.0,8.0,0.0,8.0,100.0,0.0,4.36,,,,,,,,,,,20.465040778854057,0.0
2025-01-15 05:45:00,1,5,29.463,29.1285223117703,29.4684289995589,24.166666666666668,18.111111111111107,63.0,93.0,0.0,,3.0,180.0,0.0,0.0,16.959465182040226,18.111111111111107,18.111111111111107,0.0,,,,,,-67.77777777777777,-67.77777777777777,-67.77777777777777,-67.77777777777777,-67.77777777777777,-67.77777777777777,,,0.0,8.0,0.0,8.0,0.0,8.0,99.9375,0.0,4.36,,,,,,,,,,,20.47455349855922,0.0
2025-01-15 05:50:00,1,5,29.469,29.1344706571355,29.474434965156,24.111111111111114,18.22222222222222,63.0,93.0,0.0,,1.0,180.0,0.0,0.0,17.06957789896311,18.22222222222222,18.22222222222222,0.0,,,,,,-67.77777777777777,-67.77777777777777,-67.77777777777777,-67.77777777777777,-67.77777777777777,-67.77777777777777,,,0.0,8.0,0.0,8.0,0.0,8.0,99.9375,0.0,4.36,,,,,,,,,,,20.63015410584144,0.0
2025-01-15 05:55:00,1,5,29.472,29.1374531626458,29.4774463606542,24.111111111111114,18.333333333333332,63.0,93.0,0.0,,1.0,270.0,0.0,0.0,17.179690185256888,18.333333333333332,18.333333333333332,0.0,,,,,,-67.77777777777777,-67.77777777777777,-67.77777777777777,-67.77777777777777,-67.77777777777777,-67.77777777777777,,,0.0,8.0,0.0,8.0,0.0,8.0,99.0833333333333,0.0,4.36,,,,,,,,,,,20.786026738071726,0.0
2025-01-15 06:00:00,1,5,29.482,29.1473730831826,29.4874623662658,24.055555555555557,18.555555555555557,63.0,93.0,0.0,,1.0,270.0,0.0,0.0,17.399913465967,18.555555555555557,18.555555555555557,0.0,,,,,,-67.77777777777777,-67.77777777777777,-67.77777777777777,-67.77777777777777,-67.77777777777777,-67.77777777777777,,,0.0,8.0,0.0,8.0,0.0,8.0,99.0833333333333,0.0,4.36,,,,,,,,,,,21.09859371552495,0.0
2025-01-15 06:05:00,1,5,29.484,29.1499663631297,29.4900807638818,24.055555555555557,18.72222222222222,63.0,92.0,0.0,,2.0,292.5,0.0,0.0,17.3935925068795,18.72222222222222,18.72222222222222,0.0,,,,,,-67.77777777777777,-67.77777777777777,-67.77777777777777,-67.77777777777777,-67.77777777777777,-67.77777777777777,,,0.0,8.0,0.0,8.0,0.0,8.0,99.0833333333333,0.0,4.36,,,,,,,,,,,21.262651902216216,0.0
2025-01-15 06:10:00,1,5,29.487,29.1529660378073,29.4931094919032,24.0,18.944444444444443,63.0,92.0,0.0,,3.0,202.5,0.0,0.0,17.61351685686922,18.944444444444443,18.944444444444443,0.0,,,,,,-67.77777777777777,-67.77777777777777,-67.77777777777777,-67.77777777777777,-67.77777777777777,-67.77777777777777,,,0.0,8.0,0.0,8.0,0.0,8.0,99.9375,0.0,4.36,,,,,,,,,,,21.576167927823995,0.0
2025-01-15 06:15:00,1,5,29.488,29.1539802231002,29.4941334999569,24.0,19.111111111111114,63.0,92.0,0.0,,2.0,157.5,0.0,0.0,17.778458823229226,19.111111111111114,19.111111111111114,0.0,,,,,,-67.77777777777777,-67.77777777777777,-67.77777777777777,-67.77777777777777,-67.77777777777777,-67.77777777777777,,,0.0,8.0,0.0,8.0,0.0,8.0,99.9375,0.0,4.36,,,,,,,,,,,21.812034751640553,0.0
2025-01-15 06:20:00,1,5,29.486,29.1520286190253,29.4921629938146,24.0,19.27777777777778,63.0,92.0,0.0,,1.0,315.0,0.0,0.0,17.943399678631053,19.27777777777778,19.27777777777778,0.0,,,,,,-67.77777777777777,-67.77777777777777,-67.77777777777777,-67.77777777777777,-67.77777777777777,-67.77777777777777,,,0.0,8.0,0.0,8.0,0.0,8.0,99.9375,0.0,4.36,,,,,,,,,,,22.048532490384833,0.0
2025-01-15 06:25:00,1,5,29.489,29.1550032723287,29.4951664577304,23.944444444444443,19.333333333333332,63.0,92.0,0.0,,1.0,247.5,0.0,0.0,17.998379716887392,19.333333333333332,19.333333333333332,0.0,,,,,,-67.77777777777777,-67.77777777777777,-67.77777777777777,-67.77777777777777,-67.77777777777777,-67.77777777777777,,,0.0,8.0,0.0,8.0,0.0,8.0,99.9375,0.0,4.36,,,,,,,,,,,22.127506113045442,0.0
2025-01-15 06:30:00,1,5,29.49,29.1559919461824,29.49616470713,23.944444444444443,19.333333333333332,63.0,92.0,0.0,,0.0,,0.0,0.0,17.998379716887392,19.333333333333332,19.333333333333332,0.0,,,,,,-67.77777777777777,-67.77777777777777,-67.77777777777777,-67.77777777777777,-67.77777777777777,-67.77777777777777,,,0.0,8.0,0.0,8.0,0.0,8.0,99.9375,0.0,4.36,,,,,,,,,,,22.127506113045442,0.0
2025-01-15 06:35:00,1,5,29.492,29.1579606603912,29.4981524886284,23.944444444444443,19.27777777777778,63.0,92.0,0.0,,0.0,,0.0,0.0,17.943399678631053,19.27777777777778,19.27777777777778,0.0,,,,,,-67.77777777777777,-67.77777777777777,-67.77777777777777,-67.77777777777777,-67.77777777777777,-67.77777777777777,,,0.0,8.0,0.0,8.0,0.0,8.0,99.9375,0.0,4.36,,,,,,,,,,,22.048532490384833,0.0
2025-01-15 06:40:00,1,5,29.501,29.1668673585733,29.5071454464326,23.88888888888889,19.333333333333332,63.0,92.0,0.0,,1.0,247.5,0.0,0.0,17.998379716887392,19.333333333333332,19.333333333333332,0.0,,,,,,-67.77777777777777,-67.77777777777777,-67.77777777777777,-67.77777777777777,-67.77777777777777,-67.77777777777777,,,0.0,8.0,0.0,8.0,0.0,8.0,99.9375,0.0,4.36,,,,,,,,,,,22.127506113045442,0.0
2025-01-15 06:45:00,1,5,29.5,29.1658786847196,29.5061471977152,23.88888888888889,19.333333333333332,63.0,92.0,0.0,,0.0,,0.0,0.0,17.998379716887392,19.333333333333332,19.333333333333332,0.0,,,,,,-67.77777777777777,-67.77777777777777,-67.77777777777777,-67.77777777777777,-67.77777777777777,-67.77777777777777,,,0.0,8.0,0.0,8.0,0.0,8.0,100.0,0.0,4.36,,,,,,,,,,,22.127506113045442,0.0
2025-01-15 06:50:00,1,5,29.498,29.163892701757,29.5041419812093,23.88888888888889,19.27777777777778,63.0,92.0,0.0,,1.0,247.5,0.0,0.0,17.943399678631053,19.27777777777778,19.27777777777778,0.0,,,,,,-67.77777777777777,-67.77777777777777,-67.77777777777777,-67.77777777777777,-67.77777777777777,-67.77777777777777,,,0.0,8.0,0.0,8.0,0.0,8.0,99.9375,0.0,4.36,,,,,,,,,,,22.048532490384833,0.0
2025-01-15 06:55:00,1,5,29.5,29.1652531023941,29.5055155568729,23.833333333333336,19.27777777777778,63.0,92.0,0.0,,0.0,,0.0,0.0,17.943399678631053,19.27777777777778,19.27777777777778,0.0,,,,,,-67.77777777777777,-67.77777777777777,-67.77777777777777,-67.77777777777777,-67.77777777777777,-67.77777777777777,,,0.0,8.0,0.0,8.0,0.0,8.0,99.9375,0.0,4.36,,,,,,,,,,,22.048532490384833,0.0
2025-01-15 07:00:00,1,5,29.502,29.1672663853122,29.5075483375494,23.833333333333336,19.333333333333332,63.0,93.0,0.0,,1.0,247.5,0.0,0.0,18.17068138400511,19.333333333333332,19.333333333333332,0.0,,,,,,-67.77777777777777,-67.77777777777777,-67.77777777777777,-67.77777777777777,-67.77777777777777,-67.77777777777777,,,0.0,8.0,0.0,0.0,0.0,8.0,99.0833333333333,0.0,4.36,,,,,,,,,,,22.201355817172782,0.0
2025-01-15 07:05:00,1,5,29.505,29.1702499494725,29.5105607957416,23.833333333333336,19.444444444444443,63.0,93.0,0.0,,1.0,45.0,0.0,0.0,18.280789364146226,19.444444444444443,19.444444444444443,0.0,,,,,,-67.77777777777777,-67.77777777777777,-67.77777777777777,-67.77777777777777,-67.77777777777777,-67.77777777777777,,,0.0,8.0,0.0,0.0,0.0,8.0,98.2291666666667,0.0,4.36,,,,,,,,,,,22.36002711161278,0.0
2025-01-15 07:10:00,1,5,29.504,29.1692790020569,29.5095804453438,23.833333333333336,19.555555555555557,63.0,93.0,0.0,,1.0,45.0,0.0,0.0,18.390896913685893,19.555555555555557,19.555555555555557,0.0,,,,,,-67.77777777777777,-67.77777777777777,-67.77777777777777,-67.77777777777777,-67.77777777777777,-67.77777777777777,,,0.0,8.0,0.0,0.0,0.0,8.0,99.9375,0.0,4.36,,,,,,,,,,,22.518986243616226,0.0
2025-01-15 07:15:00,1,5,29.503,29.1683171048278,29.5086092327186,23.833333333333336,19.72222222222222,64.0,93.0,0.0,,1.0,45.0,0.0,0.0,18.556057430623387,19.72222222222222,19.72222222222222,0.0,,,,,,-67.77777777777777,-67.77777777777777,-67.77777777777777,-67.77777777777777,-67.77777777777777,-67.77777777777777,,,0.0,8.0,0.0,0.0,0.0,8.0,99.9375,0.0,4.36,,,,,,,,,,,22.757967861344,0.0
2025-01-15 07:20:00,1,5,29.499,29.1643701805905,29.5046240842795,23.77777777777778,19.944444444444446,64.0,92.0,0.0,,2.0,90.0,0.0,0.0,18.603151990881944,19.944444444444446,19.944444444444446,0.0,,,,,,-67.77777777777777,-67.77777777777777,-67.77777777777777,-67.77777777777777,-67.77777777777777,-67.77777777777777,,,0.0,8.0,0.0,0.0,0.0,8.0,99.9375,0.0,4.36,,,,,,,,,,,23.000930316907116,0.0
2025-01-15 07:25:00,1,5,29.5,29.1654131321411,29.5056771364469,23.77777777777778,20.27777777777778,64.0,92.0,0.0,,3.0,45.0,0.0,0.0,18.933021481550615,20.27777777777778,20.27777777777778,0.0,,,,,,-67.77777777777777,-67.77777777777777,-67.77777777777777,-67.77777777777777,-67.77777777777777,-67.77777777777777,,,0.0,8.0,0.0,0.0,0.0,8.0,99.9375,0.0,4.36,,,,,,,,,,,23.481042602546832,0.0
2025-01-15 07:30:00,1,5,29.498,29.1640961498822,29.5043473996692,23.88888888888889,20.72222222222222,64.0,91.0,0.0,,1.0,67.5,0.0,0.0,19.197017038246003,20.72222222222222,20.72222222222222,0.0,,,,,,-67.77777777777777,-67.77777777777777,-67.77777777777777,-67.77777777777777,-67.77777777777777,-67.77777777777777,,,0.0,8.0,0.0,0.0,0.0,8.0,99.9375,0.0,4.36,,,,,,,,,,,24.044872182168053,0.0
2025-01-15 07:35:00,1,5,29.495,29.161086147555,29.5013082460947,24.055555555555557,21.0,63.0,88.0,1.0,90.0,3.0,112.5,0.0,0.0,18.93256947160461,21.0,21.0,0.0,,,,,,-67.77777777777777,-67.77777777777777,-67.77777777777777,-67.77777777777777,-67.77777777777777,-67.77777777777777,,,0.0,8.0,0.0,0.0,0.0,8.0,98.2291666666667,0.0,4.36,,,,,,,,,,,23.890134662168894,0.0833333333333333
2025-01-15 07:40:00,1,5,29.491,29.1571404888403,29.4973243736242,24.055555555555557,21.055555555555557,63.0,88.0,1.0,45.0,4.0,90.0,0.0,0.0,18.98724052433405,21.055555555555557,21.055555555555557,0.0,,,,,,-67.77777777777777,-67.77777777777777,-67.77777777777777,-67.77777777777777,-67.77777777777777,-67.77777777777777,,,0.0,8.0,0.0,0.0,0.0,8.0,99.9375,0.0,4.36,,,,,,,,,,,23.970272378990224,0.166666666666667
2025-01-15 07:45:00,1,5,29.49,29.1561486069475,29.496322885187,24.0,21.22222222222222,63.0,87.0,0.0,,2.0,45.0,0.0,0.0,18.967713673430833,21.22222222222222,21.22222222222222,0.0,,,,,,-67.77777777777777,-67.77777777777777,-67.77777777777777,-67.77777777777777,-67.77777777777777,-67.77777777777777,,,0.0,8.0,0.0,0.0,0.0,8.0,99.9375,0.0,4.36,,,,,,,,,,,24.4410778481755,0.166666666666667
2025-01-15 07:50:00,1,5,29.487,29.1525938671046,29.4927337165728,23.944444444444443,21.38888888888889,63.0,87.0,0.0,,1.0,45.0,0.0,0.0,19.131489631282275,21.38888888888889,21.38888888888889,0.0,,,,,,-67.77777777777777,-67.77777777777777,-67.77777777777777,-67.77777777777777,-67.77777777777777,-67.77777777777777,,,0.0,8.0,0.0,0.0,0.0,8.0,100.0,0.0,4.36,,,,,,,,,,,24.681745423093275,0.166666666666667
2025-01-15 07:55:00,1,5,29.487,29.1531880231225,29.4933336272341,23.88888888888889,21.444444444444443,63.0,86.0,0.0,,1.0,45.0,0.0,0.0,19.000371640588167,21.444444444444443,21.444444444444443,0.0,,,,,,-67.77777777777777,-67.77777777777777,-67.77777777777777,-67.77777777777777,-67.77777777777777,-67.77777777777777,,,0.0,8.0,0.0,0.0,0.0,8.0,99.9375,0.0,4.36,,,,,,,,,,,24.67800365420033,0.166666666666667
2025-01-15 08:00:00,1,5,29.493,29.1584999191651,29.4986969701608,23.88888888888889,21.611111111111114,63.0,85.0,0.0,,1.0,315.0,0.0,0.0,18.976060717711835,21.611111111111114,21.611111111111114,0.0,,,,,,-67.77777777777777,-67.77777777777777,-67.77777777777777,-67.77777777777777,-67.77777777777777,-67.77777777777777,,,0.0,8.0,0.0,0.0,0.0,8.0,99.9375,0.0,4.36,,,,,,,,,,,24.833722333614393,0.166666666666667
2025-01-15 08:05:00,1,5,29.492,29.1574978320259,29.4976851777239,23.88888888888889,21.722222222222218,63.0,84.0,0.0,,0.0,,0.0,0.0,18.894972386995832,21.722222222222218,21.722222222222218,0.0,,,,,,-67.77777777777777,-67.77777777777777,-67.77777777777777,-67.77777777777777,-67.77777777777777,-67.77777777777777,,,0.0,8.0,0.0,0.0,0.0,8.0,99.0833333333333,0.0,4.36,,,,,,,,,,,24.908421524584444,0.166666666666667
2025-01-15 08:10:00,1,5,29.496,29.1614614856933,29.5016872193362,23.833333333333336,21.77777777777778,63.0,84.0,0.0,,0.0,,0.0,0.0,18.949323496793724,21.77777777777778,21.77777777777778,0.0,,,,,,-67.77777777777777,-67.77777777777777,-67.77777777777777,-67.77777777777777,-67.77777777777777,-67.77777777777777,,,0.0,8.0,0.0,0.0,0.0,8.0,99.0833333333333,0.0,4.36,,,,,,,,,,,24.98836511608867,0.166666666666667
2025-01-15 08:15:00,1,5,29.496,29.1614705342561,29.5016963555331,23.833333333333336,21.833333333333332,64.0,84.0,0.0,,0.0,,0.0,0.0,19.003674352895608,21.833333333333332,21.833333333333332,0.0,,,,,,-67.77777777777777,-67.77777777777777,-67.77777777777777,-67.77777777777777,-67.77777777777777,-67.77777777777777,,,0.0,8.0,0.0,0.0,0.0,8.0,99.9375,0.0,4.36,,,,,,,,,,,25.068380979894663,0.166666666666667
2025-01-15 08:20:00,1,5,29.493,29.158522733444,29.4987200053971,23.833333333333336,21.944444444444443,64.0,84.0,0.0,,0.0,,0.0,0.0,19.11237530401828,21.944444444444443,21.944444444444443,0.0,,,,,,-67.77777777777777,-67.77777777777777,-67.77777777777777,-67.77777777777777,-67.77777777777777,-67.77777777777777,,,0.0,8.0,0.0,0.0,0.0,8.0,99.9375,0.0,4.36,,,,,,,,,,,25.228630248174223,0.166666666666667
2025-01-15 08:25:00,1,5,29.493,29.158554761363,29.4987523435081,23.833333333333336,21.944444444444443,64.0,85.0,0.0,,1.0,315.0,0.0,0.0,19.30264971628972,21.944444444444443,21.944444444444443,0.0,,,,,,-67.77777777777777,-67.77777777777777,-67.77777777777777,-67.77777777777777,-67.77777777777777,-67.77777777777777,,,0.0,8.0,0.0,0.0,0.0,8.0,99.9375,0.0,4.36,,,,,,,,,,,25.31534674583766,0.166666666666667
2025-01-15 08:30:00,1,5,29.49,29.1549705843218,29.4951334531312,23.77777777777778,21.944444444444443,64.0,85.0,0.0,,0.0,,0.0,0.0,19.30264971628972,21.944444444444443,21.944444444444443,0.0,,,,,,-67.77777777777777,-67.77777777777777,-67.77777777777777,-67.77777777777777,-67.77777777777777,-67.77777777777777,,,0.0,8.0,0.0,0.0,0.0,8.0,99.9375,0.0,4.36,,,,,,,,,,,25.31534674583766,0.166666666666667
2025-01-15 08:35:00,1,5,29.494,29.1595619170923,29.4997692535573,23.833333333333336,22.055555555555557,64.0,85.0,0.0,,0.0,,0.0,0.0,19.411510819822,22.055555555555557,22.055555555555557,0.0,,,,,,-67.77777777777777,-67.77777777777777,-67.77777777777777,-67.77777777777777,-67.77777777777777,-67.77777777777777,,,0.0,8.0,0.0,0.0,0.0,8.0,99.9375,0.0,4.36,,,,,,,,,,,25.476475723710394,0.166666666666667
2025-01-15 08:40:00,1,5,29.492,29.1575615346747,29.49774949734,23.77777777777778,22.11111111111111,64.0,84.0,0.0,,1.0,315.0,0.0,0.0,19.275424828026335,22.11111111111111,22.11111111111111,0.0,,,,,,-67.77777777777777,-67.77777777777777,-67.77777777777777,-67.77777777777777,-67.77777777777777,-67.77777777777777,,,0.0,8.0,0.0,0.0,0.0,8.0,99.9375,0.0,4.36,,,,,,,,,,,25.46955072584467,0.166666666666667
2025-01-15 08:45:00,1,5,29.491,29.1559404583392,29.4961127206162,23.77777777777778,22.22222222222222,64.0,83.0,0.0,,0.0,,0.0,0.0,19.191449690924888,22.22222222222222,22.22222222222222,0.0,,,,,,-67.77777777777777,-67.77777777777777,-67.77777777777777,-67.77777777777777,-67.77777777777777,-67.77777777777777,,,0.0,8.0,0.0,0.0,0.0,8.0,99.9375,0.0,4.36,,,,,,,,,,,25.542336737127947,0.166666666666667
2025-01-15 08:50:00,1,5,29.493,29.1579123481954,29.4981037085249,23.77777777777778,22.38888888888889,64.0,82.0,0.0,,0.0,,0.0,0.0,19.159289057082,22.38888888888889,22.38888888888889,0.0,,,,,,-67.77777777777777,-67.77777777777777,-67.77777777777777,-67.77777777777777,-67.77777777777777,-67.77777777777777,,,0.0,8.0,0.0,0.0,0.0,8.0,99.9375,0.0,4.36,,,,,,,,,,,25.69437204450711,0.166666666666667
2025-01-15 08:55:00,1,5,29.493,29.1584916579031,29.4986886288881,23.77777777777778,22.555555555555554,64.0,80.0,0.0,,1.0,315.0,0.0,0.0,18.925093097434612,22.555555555555554,22.555555555555554,0.0,,,,,,-67.77777777777777,-67.77777777777777,-67.77777777777777,-67.77777777777777,-67.77777777777777,-67.77777777777777,,,0.0,8.0,0.0,0.0,0.0,8.0,100.0,0.0,4.36,,,,,,,,,,,25.755261473491558,0.166666666666667
2025-01-15 09:00:00,1,5,29.485,29.1505246561952,29.490644464337,23.77777777777778,22.61111111111111,64.0,78.0,1.0,157.5,4.0,157.5,0.0,0.0,18.573415273702885,22.61111111111111,22.61111111111111,0.0,,,,,,-67.77777777777777,-67.77777777777777,-67.77777777777777,-67.77777777777777,-67.77777777777777,-67.77777777777777,,,0.0,8.0,0.0,8.0,0.0,8.0,99.9375,0.0,4.36,,,,,,,,,,,25.34156762804622,0.25
2025-01-15 09:05:00,1,5,29.503,29.1682957552439,29.5085876763762,23.77777777777778,22.666666666666668,64.0,77.0,1.0,225.0,5.0,225.0,0.0,0.0,18.42090194481328,22.666666666666668,22.666666666666668,0.0,,,,,,-67.77777777777777,-67.77777777777777,-67.77777777777777,-67.77777777777777,-67.77777777777777,-67.77777777777777,,,0.0,8.0,0.0,8.0,0.0,8.0,99.9375,0.0,4.36,,,,,,,,,,,25.33025916490317,0.333333333333333
2025-01-15 09:10:00,1,5,29.487,29.1518833875278,29.4920163556822,23.77777777777778,22.61111111111111,64.0,78.0,1.0,180.0,3.0,225.0,0.0,0.0,18.573415273702885,22.61111111111111,22.61111111111111,0.0,,,,,,-67.77777777777777,-67.77777777777777,-67.77777777777777,-67.77777777777777,-67.77777777777777,-67.77777777777777,,,0.0,8.0,0.0,8.0,0.0,8.0,99.0833333333333,0.0,4.36,,,,,,,,,,,25.34156762804622,0.416666666666667
2025-01-15 09:15:00,1,5,29.496,29.1607140879758,29.5009325831558,23.77777777777778,22.61111111111111,64.0,76.0,1.0,225.0,5.0,225.0,0.0,0.0,18.158513207232055,22.61111111111111,22.61111111111111,0.0,,,,,,-67.77777777777777,-67.77777777777777,-67.77777777777777,-67.77777777777777,-67.77777777777777,-67.77777777777777,,,0.0,8.0,0.0,8.0,0.0,8.0,99.0833333333333,0.0,4.36,,,,,,,,,,,25.16096804499089,0.5
2025-01-15 09:20:00,1,5,29.496,29.1606975659028,29.5009159010679,23.77777777777778,22.722222222222225,64.0,75.0,0.0,,3.0,225.0,0.0,0.0,18.05463087587072,22.722222222222225,22.722222222222225,0.0,,,,,,-67.77777777777777,-67.77777777777777,-67.77777777777777,-67.77777777777777,-67.77777777777777,-67.77777777777777,,,0.0,8.0,0.0,8.0,0.0,8.0,99.9375,0.0,4.36,,,,,,,,,,,25.540427841007112,0.5
2025-01-15 09:25:00,1,5,29.503,29.1676180821586,29.5079034403984,23.77777777777778,22.944444444444443,64.0,74.0,1.0,247.5,6.0,225.0,0.0,0.0,18.054893158307998,22.944444444444443,22.944444444444443,0.0,,,,,,-67.77777777777777,-67.77777777777777,-67.77777777777777,-67.77777777777777,-67.77777777777777,-67.77777777777777,,,0.0,8.0,0.0,8.0,0.0,8.0,99.9375,0.0,4.36,,,,,,,,,,,25.449835073068837,0.583333333333333
2025-01-15 09:30:00,1,5,29.509,29.1735240668913,29.513866620377,23.833333333333336,23.000000000000004,64.0,73.0,1.0,247.5,6.0,225.0,0.0,0.0,17.891683455093386,23.000000000000004,23.000000000000004,0.0,,,,,,-67.77777777777777,-67.77777777777777,-67.77777777777777,-67.77777777777777,-67.77777777777777,-67.77777777777777,,,0.0,8.0,0.0,8.0,0.0,8.0,99.9375,0.0,4.36,,,,,,,,,,,25.435864131775272,0.666666666666667
2025-01-15 09:35:00,1,5,29.49,29.1546469605699,29.4948066949907,23.77777777777778,22.83333333333333,64.0,71.0,2.0,157.5,6.0,180.0,0.0,0.0,17.290721785828,22.83333333333333,22.83333333333333,0.0,,,,,,-67.77777777777777,-67.77777777777777,-67.77777777777777,-67.77777777777777,-67.77777777777777,-67.77777777777777,,,0.0,8.0,0.0,8.0,0.0,8.0,99.9375,0.0,4.36,,,,,,,,,,,24.705584573033278,0.833333333333333
2025-01-15 09:40:00,1,5,29.527,29.1912520034142,29.5317662260258,23.833333333333336,22.77777777777778,64.0,72.0,2.0,247.5,6.0,270.0,0.0,0.0,17.45913250030239,22.77777777777778,22.77777777777778,0.0,,,,,,-67.77777777777777,-67.77777777777777,-67.77777777777777,-67.77777777777777,-67.77777777777777,-67.77777777777777,,,0.0,8.0,0.0,8.0,0.0,8.0,99.9375,0.0,4.36,,,,,,,,,,,24.71944378726594,1.0
2025-01-15 09:45:00,1,5,29.534,29.1981142636327,29.5386949318464,23.833333333333336,22.61111111111111,64.0,71.0,2.0,247.5,8.0,247.5,0.0,0.0,17.077850280415003,22.61111111111111,22.61111111111111,0.0,,,,,,-67.77777777777777,-67.77777777777777,-67.77777777777777,-67.77777777777777,-67.77777777777777,-67.77777777777777,,,0.0,8.0,0.0,40.0,0.0,8.0,94.8125,0.0,4.36,,,,,,,,,,,24.396541865130388,1.16666666666667
2025-01-15 09:50:00,1,5,29.516,29.1796656673262,29.5200676954814,23.833333333333336,22.16666666666667,64.0,72.0,2.0,225.0,8.0,247.5,0.0,0.00787401575,16.872694825592887,22.16666666666667,22.16666666666667,0.0,,,,,,-67.77777777777777,-67.77777777777777,-67.77777777777777,-67.77777777777777,-67.77777777777777,-67.77777777777777,,,0.0,8.0,2.0,8.0,0.0,8.0,99.9375,0.0,4.36,,,,,,,,,,,23.869387108470004,1.33333333333333
2025-01-15 09:55:00,1,5,29.447,29.1109355991129,29.4506719153746,23.833333333333336,21.166666666666664,64.0,80.0,3.0,157.5,6.0,157.5,0.3622047245,0.02362204725,17.57458231074228,21.166666666666664,21.166666666666664,0.0,,,,,,-67.77777777777777,-67.77777777777777,-67.77777777777777,-67.77777777777777,-67.77777777777777,-67.77777777777777,,,0.0,8.0,128.0,8.0,0.0,8.0,99.9375,0.0,4.36,,,,,,,,,,,22.843365370602996,1.58333333333333
2025-01-15 10:00:00,1,5,29.488,29.1514062439949,29.4915345907819,23.833333333333336,20.555555555555557,64.0,81.0,3.0,225.0,7.0,157.5,0.08661417325,0.0,17.176726522068833,20.555555555555557,20.555555555555557,0.0,,,,,,-67.77777777777777,-67.77777777777777,-67.77777777777777,-67.77777777777777,-67.77777777777777,-67.77777777777777,,,128.0,8.0,0.0,8.0,0.0,8.0,100.0,0.0,4.36,,,,,,,,,,,22.068258964295055,1.83333333333333
2025-01-15 10:05:00,1,5,29.526,29.1883585241812,29.5288447290406,23.77777777777778,20.444444444444443,64.0,82.0,1.0,292.5,2.0,225.0,0.0472440945,0.0,17.26265820233039,20.444444444444443,20.444444444444443,0.0,,,,,,-67.77777777777777,-67.77777777777777,-67.77777777777777,-67.77777777777777,-67.77777777777777,-67.77777777777777,,,128.0,8.0,0.0,8.0,0.0,8.0,99.9375,0.0,4.36,,,,,,,,,,,22.618118459804723,1.91666666666667
2025-01-15 10:10:00,1,5,29.503,29.1656809582985,29.5059475563948,23.77777777777778,20.444444444444443,64.0,84.0,1.0,90.0,2.0,292.5,0.0472440945,0.00787401575,17.644826837446058,20.444444444444443,20.444444444444443,0.0,,,,,,-67.77777777777777,-67.77777777777777,-67.77777777777777,-67.77777777777777,-67.77777777777777,-67.77777777777777,,,128.0,8.0,2.0,8.0,0.0,8.0,99.9375,0.0,4.36,,,,,,,,,,,22.776328246087225,2.0
2025-01-15 10:15:00,1,5,29.482,29.1449143816016,29.4849798501041,23.77777777777778,19.833333333333332,64.0,87.0,1.0,90.0,3.0,22.5,0.32283464575,0.0157480315,17.602842626356058,19.833333333333332,19.833333333333332,0.0,,,,,,-67.77777777777777,-67.77777777777777,-67.77777777777777,-67.77777777777777,-67.77777777777777,-67.77777777777777,,,128.0,8.0,32.0,8.0,0.0,8.0,99.0833333333333,0.0,4.36,,,,,,,,,,,22.1476729388355,2.08333333333333
2025-01-15 10:20:00,1,5,29.507,29.1690134839737,29.5093123558834,23.77777777777778,19.555555555555557,64.0,89.0,0.0,,2.0,270.0,0.062992126,0.0,17.690465136601276,19.555555555555557,19.555555555555557,0.0,,,,,,-67.77777777777777,-67.77777777777777,-67.77777777777777,-67.77777777777777,-67.77777777777777,-67.77777777777777,,,128.0,8.0,32.0,8.0,0.0,8.0,99.0833333333333,0.0,4.36,,,,,,,,,,,22.219483848430837,2.08333333333333
2025-01-15 10:25:00,1,5,29.508,29.1700496247793,29.5103585310415,23.77777777777778,19.499999999999996,64.0,91.0,1.0,247.5,2.0,270.0,0.03937007875,0.0,17.989145610404226,19.499999999999996,19.499999999999996,0.0,,,,,,-67.77777777777777,-67.77777777777777,-67.77777777777777,-67.77777777777777,-67.77777777777777,-67.77777777777777,,,128.0,8.0,32.0,8.0,0.0,8.0,99.9375,0.0,4.36,,,,,,,,,,,21.977307456751888,2.16666666666667
2025-01-15 10:30:00,1,5,29.514,29.1760371468248,29.5164040370246,23.77777777777778,19.499999999999996,64.0,93.0,0.0,,1.0,180.0,0.0,0.0,18.335843192741056,19.499999999999996,19.499999999999996,0.0,,,,,,-67.77777777777777,-67.77777777777777,-67.77777777777777,-67.77777777777777,-67.77777777777777,-67.77777777777777,,,128.0,8.0,32.0,8.0,0.0,8.0,99.9375,0.0,4.36,,,,,,,,,,,22.439470605984503,2.16666666666667
2025-01-15 10:35:00,1,5,29.502,29.1641844850497,29.5044365903358,23.77777777777778,19.388888888888893,64.0,94.0,0.0,,2.0,202.5,0.0,0.0,18.396496395353502,19.388888888888893,19.388888888888893,0.0,,,,,,-67.77777777777777,-67.77777777777777,-67.77777777777777,-67.77777777777777,-67.77777777777777,-67.77777777777777,,,128.0,8.0,32.0,8.0,0.0,8.0,99.0833333333333,0.0,4.36,,,,,,,,,,,22.35476059468478,2.16666666666667
2025-01-15 10:40:00,1,5,29.498,29.1602490497343,29.5004630410533,23.77777777777778,19.333333333333332,64.0,95.0,2.0,202.5,5.0,225.0,0.0,0.0,18.510474372654226,19.333333333333332,19.333333333333332,0.0,,,,,,-67.77777777777777,-67.77777777777777,-67.77777777777777,-67.77777777777777,-67.77777777777777,-67.77777777777777,,,128.0,8.0,32.0,8.0,0.0,8.0,99.9375,0.0,4.36,,,,,,,,,,,21.723200780982943,2.33333333333333
2025-01-15 10:45:00,1,5,29.513,29.1750590924394,29.5154165111894,23.77777777777778,19.222222222222218,64.0,95.0,2.0,225.0,6.0,180.0,0.0,0.00787401575,18.40007338569922,19.222222222222218,19.222222222222218,0.0,,,,,,-67.77777777777777,-67.77777777777777,-67.77777777777777,-67.77777777777777,-67.77777777777777,-67.77777777777777,,,128.0,8.0,128.0,8.0,0.0,8.0,99.9375,0.0,4.36,,,,,,,,,,,21.563799215766,2.5
2025-01-15 10:50:00,1,5,29.514,29.1760567325482,29.5164238124149,23.77777777777778,19.27777777777778,65.0,95.0,2.0,225.0,7.0,202.5,0.0,0.0,18.45527391737267,19.27777777777778,19.27777777777778,0.0,,,,,,-67.77777777777777,-67.77777777777777,-67.77777777777777,-67.77777777777777,-67.77777777777777,-67.77777777777777,,,128.0,8.0,128.0,8.0,0.0,8.0,99.9375,0.0,4.36,,,,,,,,,,,21.643463525699282,2.66666666666667
2025-01-15 10:55:00,1,5,29.519,29.1810269209118,29.5214421309923,23.77777777777778,19.444444444444443,65.0,95.0,2.0,202.5,5.0,202.5,0.0,0.0,18.620875054042276,19.444444444444443,19.444444444444443,0.0,,,,,,-67.77777777777777,-67.77777777777777,-67.77777777777777,-67.77777777777777,-67.77777777777777,-67.77777777777777,,,128.0,8.0,128.0,8.0,0.0,8.0,99.9375,0.0,4.36,,,,,,,,,,,21.882894875064387,2.83333333333333
2025-01-15 11:00:00,1,5,29.52,29.1820339018691,29.5224588631415,23.77777777777778,19.555555555555557,65.0,95.0,1.0,225.0,5.0,180.0,0.0,0.0,18.731275429864667,19.555555555555557,19.555555555555557,0.0,,,,,,-67.77777777777777,-67.77777777777777,-67.77777777777777,-67.77777777777777,-67.77777777777777,-67.77777777777777,,,128.0,8.0,0.0,8.0,0.0,8.0,99.9375,0.0,4.36,,,,,,,,,,,22.355810218986722,2.91666666666667
2025-01-15 11:05:00,1,5,29.521,29.1830132239932,29.523447668559,23.77777777777778,19.499999999999996,65.0,95.0,3.0,180.0,8.0,225.0,0.0,0.0,18.676075280149053,19.499999999999996,19.499999999999996,0.0,,,,,,-67.77777777777777,-67.77777777777777,-67.77777777777777,-67.77777777777777,-67.77777777777777,-67.77777777777777,,,128.0,8.0,0.0,8.0,0.0,8.0,100.0,0.0,4.36,,,,,,,,,,,21.649924866328277,3.16666666666667
2025-01-15 11:10:00,1,5,29.53,29.1919286741554,29.5324494489384,23.72222222222222,19.61111111111111,65.0,95.0,2.0,247.5,7.0,225.0,0.0,0.0,18.786475503189113,19.61111111111111,19.61111111111111,0.0,,,,,,-67.77777777777777,-67.77777777777777,-67.77777777777777,-67.77777777777777,-67.77777777777777,-67.77777777777777,,,128.0,8.0,0.0,40.0,0.0,8.0,99.9375,0.0,4.36,,,,,,,,,,,22.122987788009613,3.33333333333333
2025-01-15 11:15:00,1,5,29.528,29.1899795129248,29.5304814139916,23.77777777777778,19.777777777777775,65.0,95.0,1.0,247.5,6.0,180.0,0.0,0.0,18.952075264817495,19.777777777777775,19.777777777777775,0.0,,,,,,-67.77777777777777,-67.77777777777777,-67.77777777777777,-67.77777777777777,-67.77777777777777,-67.77777777777777,,,128.0,8.0,0.0,8.0,0.0,8.0,99.9375,0.0,4.36,,,,,,,,,,,22.676674570959612,3.41666666666667
2025-01-15 11:20:00,1,5,29.526,29.1879645633029,29.5284469533719,23.77777777777778,19.72222222222222,65.0,94.0,3.0,247.5,10.0,225.0,0.0,0.0,18.727259630550616,19.72222222222222,19.72222222222222,0.0,,,,,,-67.77777777777777,-67.77777777777777,-67.77777777777777,-67.77777777777777,-67.77777777777777,-67.77777777777777,,,128.0,8.0,0.0,8.0,0.0,8.0,99.0833333333333,0.0,4.36,,,,,,,,,,,21.894839373592607,3.66666666666667
2025-01-15 11:25:00,1,5,29.528,29.1899694828811,29.5304712868265,23.77777777777778,19.88888888888889,65.0,94.0,2.0,225.0,8.0,202.5,0.0,0.0,18.892640006580276,19.88888888888889,19.88888888888889,0.0,,,,,,-67.77777777777777,-67.77777777777777,-67.77777777777777,-67.77777777777777,-67.77777777777777,-67.77777777777777,,,128.0,8.0,0.0,8.0,0.0,8.0,99.0833333333333,0.0,4.36,,,,,,,,,,,22.448188795032113,3.83333333333333
2025-01-15 11:30:00,1,5,29.536,29.197849091185,29.5384271918536,23.77777777777778,19.88888888888889,65.0,93.0,4.0,225.0,12.0,225.0,0.0,0.0,18.721216978722005,19.88888888888889,19.88888888888889,0.0,,,,,,-67.77777777777777,-67.77777777777777,-67.77777777777777,-67.77777777777777,-67.77777777777777,-67.77777777777777,,,128.0,8.0,0.0,40.0,0.0,8.0,99.9375,0.0,4.36,,,,,,,,,,,21.74589653834739,4.16666666666667
2025-01-15 11:35:00,1,5,29.536,29.1978348927581,29.5384128559495,23.77777777777778,20.33333333333333,65.0,90.0,4.0,225.0,9.0,225.0,0.0,0.0,18.6357101676275,20.33333333333333,20.33333333333333,0.0,,,,,,-67.77777777777777,-67.77777777777777,-67.77777777777777,-67.77777777777777,-67.77777777777777,-67.77777777777777,,,128.0,8.0,0.0,40.0,0.0,8.0,99.0833333333333,0.0,4.36,,,,,,,,,,,22.15248005438677,4.5
2025-01-15 11:40:00,1,5,29.533,29.1955261729718,29.5360817816815,23.77777777777778,21.055555555555557,65.0,87.0,2.0,225.0,7.0,180.0,0.0,0.0,18.803935879698226,21.055555555555557,21.055555555555557,0.0,,,,,,-67.77777777777777,-67.77777777777777,-67.77777777777777,-67.77777777777777,-67.77777777777777,-67.77777777777777,,,128.0,8.0,0.0,40.0,0.0,8.0,99.9375,0.0,4.36,,,,,,,,,,,23.57521283806733,4.66666666666667
2025-01-15 11:45:00,1,5,29.529,29.1914557866502,29.5319719824885,23.77777777777778,21.5,65.0,81.0,5.0,225.0,12.0,247.5,0.0,0.0,18.096575761205443,21.5,21.5,0.0,,,,,,-67.77777777777777,-67.77777777777777,-67.77777777777777,-67.77777777777777,-67.77777777777777,-67.77777777777777,,,128.0,8.0,0.0,40.0,0.0,8.0,99.9375,0.0,4.36,,,,,,,,,,,22.771538513299,5.08333333333333
2025-01-15 11:50:00,1,5,29.533,29.195439338367,29.5359941062827,23.77777777777778,21.888888888888893,65.0,80.0,2.0,225.0,8.0,225.0,0.0,0.0,18.276873014845,21.888888888888893,21.888888888888893,0.0,,,,,,-67.77777777777777,-67.77777777777777,-67.77777777777777,-67.77777777777777,-67.77777777777777,-67.77777777777777,,,128.0,8.0,0.0,40.0,0.0,8.0,99.9375,0.0,4.36,,,,,,,,,,,24.17692054726728,5.25
2025-01-15 11:55:00,1,5,29.536,29.1983417119691,29.5389245824587,23.77777777777778,22.11111111111111,65.0,77.0,4.0,225.0,11.0,270.0,0.0,0.0,17.883298695185726,22.11111111111111,22.11111111111111,0.0,,,,,,-67.77777777777777,-67.77777777777777,-67.77777777777777,-67.77777777777777,-67.77777777777777,-67.77777777777777,,,128.0,8.0,0.0,40.0,0.0,8.0,99.9375,0.0,4.36,,,,,,,,,,,23.604638535727943,5.58333333333333
2025-01-15 12:00:00,1,5,29.534,29.1963817802347,29.5369456735132,23.77777777777778,22.22222222222222,65.0,77.0,4.0,225.0,12.0,225.0,0.0,0.0,17.990822338110497,22.22222222222222,22.22222222222222,0.0,,,,,,-67.77777777777777,-67.77777777777777,-67.77777777777777,-67.77777777777777,-67.77777777777777,-67.77777777777777,,,0.0,8.0,0.0,32.0,0.0,8.0,99.9375,0.0,4.36,,,,,,,,,,,23.761462943547105,5.91666666666667
2025-01-15 12:05:00,1,5,29.53,29.192453497335,29.5329793539365,23.833333333333336,22.38888888888889,65.0,77.0,5.0,225.0,14.0,202.5,0.0,0.0,18.152104996512055,22.38888888888889,22.38888888888889,0.0,,,,,,-67.77777777777777,-67.77777777777777,-67.77777777777777,-67.77777777777777,-67.77777777777777,-67.77777777777777,,,0.0,8.0,0.0,32.0,0.0,8.0,100.0,0.0,4.36,,,,,,,,,,,23.684279643419277,6.33333333333333
2025-01-15 12:10:00,1,5,29.524,29.1865058374735,29.5269741023654,23.833333333333336,22.5,65.0,76.0,4.0,247.5,9.0,202.5,0.0,0.0,18.05116989466439,22.5,22.5,0.0,,,,,,-67.77777777777777,-67.77777777777777,-67.77777777777777,-67.77777777777777,-67.77777777777777,-67.77777777777777,,,0.0,8.0,0.0,0.0,0.0,8.0,99.9375,0.0,4.36,,,,,,,,,,,24.065015908933113,6.66666666666667
2025-01-15 12:15:00,1,5,29.526,29.1878615862112,29.5283429791337,23.833333333333336,22.333333333333332,65.0,77.0,6.0,225.0,11.0,202.5,0.0,0.0,18.098344484504388,22.333333333333332,22.333333333333332,0.0,,,,,,-67.77777777777777,-67.77777777777777,-67.77777777777777,-67.77777777777777,-67.77777777777777,-67.77777777777777,,,0.0,8.0,0.0,0.0,0.0,8.0,99.9375,0.0,4.36,,,,,,,,,,,23.292703247756997,7.16666666666667
2025-01-15 12:20:00,1,5,29.529,29.1908763786765,29.5313869641188,23.833333333333336,22.22222222222222,65.0,79.0,5.0,225.0,14.0,180.0,0.0,0.0,18.39985891840539,22.22222222222222,22.22222222222222,0.0,,,,,,-67.77777777777777,-67.77777777777777,-67.77777777777777,-67.77777777777777,-67.77777777777777,-67.77777777777777,,,0.0,8.0,0.0,32.0,0.0,8.0,99.9375,0.0,4.36,,,,,,,,,,,23.624924022888834,7.58333333333333
2025-01-15 12:25:00,1,5,29.53,29.1918560615082,29.5323761331877,23.833333333333336,22.16666666666667,65.0,79.0,4.0,180.0,12.0,202.5,0.0,0.0,18.345925156243556,22.16666666666667,22.16666666666667,0.0,,,,,,-67.77777777777777,-67.77777777777777,-67.77777777777777,-67.77777777777777,-67.77777777777777,-67.77777777777777,,,0.0,8.0,0.0,32.0,0.0,8.0,99.0833333333333,0.0,4.36,,,,,,,,,,,23.858810777966333,7.91666666666667
2025-01-15 12:30:00,1,5,29.53,29.1918229165352,29.532342667274,23.88888888888889,22.16666666666667,65.0,78.0,4.0,225.0,11.0,202.5,0.0,0.0,18.142640081513335,22.16666666666667,22.16666666666667,0.0,,,,,,-67.77777777777777,-67.77777777777777,-67.77777777777777,-67.77777777777777,-67.77777777777777,-67.77777777777777,,,0.0,8.0,0.0,32.0,0.0,8.0,99.0833333333333,0.0,4.36,,,,,,,,,,,23.770913904546223,8.25
2025-01-15 12:35:00,1,5,29.536,29.1977454722198,29.5383225695915,23.88888888888889,22.11111111111111,65.0,78.0,6.0,225.0,16.0,180.0,0.0,0.0,18.08879157816661,22.11111111111111,22.11111111111111,0.0,,,,,,-67.77777777777777,-67.77777777777777,-67.77777777777777,-67.77777777777777,-67.77777777777777,-67.77777777777777,,,0.0,8.0,0.0,32.0,0.0,8.0,99.9375,0.0,4.36,,,,,,,,,,,23.0663845628875,8.75
2025-01-15 12:40:00,1,5,29.536,29.1977454722198,29.5383225695915,23.944444444444443,22.11111111111111,65.0,78.0,4.0,225.0,10.0,247.5,0.0,0.0,18.08879157816661,22.11111111111111,22.11111111111111,0.0,,,,,,-67.77777777777777,-67.77777777777777,-67.77777777777777,-67.77777777777777,-67.77777777777777,-67.77777777777777,,,0.0,8.0,0.0,32.0,0.0,8.0,99.9375,0.0,4.36,,,,,,,,,,,23.692239007331946,9.08333333333333
2025-01-15 12:45:00,1,5,29.539,29.2006694661467,29.5412748750045,23.944444444444443,22.055555555555557,65.0,77.0,6.0,225.0,14.0,247.5,0.0,0.0,17.829536312514495,22.055555555555557,22.055555555555557,0.0,,,,,,-67.77777777777777,-67.77777777777777,-67.77777777777777,-67.77777777777777,-67.77777777777777,-67.77777777777777,,,0.0,8.0,0.0,32.0,0.0,8.0,99.9375,0.0,4.36,,,,,,,,,,,22.90047284513895,9.58333333333333
2025-01-15 12:50:00,1,5,29.54,29.2016666106856,29.5422816742425,23.944444444444443,22.11111111111111,65.0,77.0,5.0,247.5,16.0,270.0,0.0,0.0,17.883298695185726,22.11111111111111,22.11111111111111,0.0,,,,,,-67.77777777777777,-67.77777777777777,-67.77777777777777,-67.77777777777777,-67.77777777777777,-67.77777777777777,,,0.0,8.0,0.0,32.0,0.0,8.0,99.9375,0.0,4.36,,,,,,,,,,,23.291711313505726,10.0
2025-01-15 12:55:00,1,5,29.536,29.1976878817161,29.538264421464,23.944444444444443,22.16666666666667,65.0,76.0,4.0,225.0,10.0,270.0,0.0,0.0,17.729130552054944,22.16666666666667,22.16666666666667,0.0,,,,,,-67.77777777777777,-67.77777777777777,-67.77777777777777,-67.77777777777777,-67.77777777777777,-67.77777777777777,,,0.0,8.0,0.0,32.0,0.0,8.0,99.9375,0.0,4.36,,,,,,,,,,,23.595120157706003,10.3333333333333
2025-01-15 13:00:00,1,5,29.537,29.198667915363,29.539253944322,23.944444444444443,22.11111111111111,65.0,76.0,5.0,225.0,12.0,202.5,0.0,0.0,17.675455956692776,22.11111111111111,22.11111111111111,0.0,,,,,,-67.77777777777777,-67.77777777777777,-67.77777777777777,-67.77777777777777,-67.77777777777777,-67.77777777777777,,,0.0,8.0,0.0,32.0,0.0,8.0,99.9375,0.0,4.36,,,,,,,,,,,23.204110841901773,10.75
2025-01-15 13:05:00,1,5,29.535,29.1966908243981,29.53725771004,24.0,22.11111111111111,65.0,76.0,4.0,225.0,12.0,180.0,0.0,0.0,17.675455956692776,22.11111111111111,22.11111111111111,0.0,,,,,,-67.77777777777777,-67.77777777777777,-67.77777777777777,-67.77777777777777,-67.77777777777777,-67.77777777777777,,,0.0,8.0,0.0,32.0,0.0,8.0,99.9375,0.0,4.36,,,,,,,,,,,23.517038064124,11.0833333333333
2025-01-15 13:10:00,1,5,29.536,29.1976295793501,29.5382055545813,24.0,21.999999999999996,65.0,75.0,4.0,225.0,9.0,202.5,0.0,0.0,17.358031042948056,21.999999999999996,21.999999999999996,0.0,,,,,,-67.77777777777777,-67.77777777777777,-67.77777777777777,-67.77777777777777,-67.77777777777777,-67.77777777777777,,,0.0,8.0,0.0,32.0,0.0,8.0,100.0,0.0,4.36,,,,,,,,,,,23.274062553459892,11.4166666666667
2025-01-15 13:15:00,1,5,29.536,29.1968826658596,29.5374514090303,24.055555555555557,21.888888888888893,65.0,72.0,7.0,247.5,19.0,247.5,0.0,0.0,16.606113670847165,21.888888888888893,21.888888888888893,0.0,,,,,,-67.77777777777777,-67.77777777777777,-67.77777777777777,-67.77777777777777,-67.77777777777777,-67.77777777777777,,,0.0,8.0,0.0,32.0,0.0,8.0,99.9375,0.0,4.36,,,,,,,,,,,21.920895825873888,12.0
2025-01-15 13:20:00,1,5,29.533,29.1938922396372,29.5344320273693,24.055555555555557,21.944444444444443,65.0,71.0,6.0,225.0,16.0,202.5,0.0,0.0,16.439189408209778,21.944444444444443,21.944444444444443,0.0,,,,,,-67.77777777777777,-67.77777777777777,-67.77777777777777,-67.77777777777777,-67.77777777777777,-67.77777777777777,,,0.0,8.0,0.0,32.0,0.0,8.0,99.9375,0.0,4.36,,,,,,,,,,,22.223752445216,12.5
2025-01-15 13:25:00,1,5,29.53,29.1909595595063,29.5314709503882,24.111111111111114,21.944444444444443,65.0,72.0,6.0,225.0,15.0,225.0,0.0,0.0,16.65943083062361,21.944444444444443,21.944444444444443,0.0,,,,,,-67.77777777777777,-67.77777777777777,-67.77777777777777,-67.77777777777777,-67.77777777777777,-67.77777777777777,,,0.0,8.0,0.0,32.0,0.0,8.0,99.9375,0.0,4.36,,,,,,,,,,,22.31046894287945,13.0
2025-01-15 13:30:00,1,5,29.531,29.1926043826466,29.5331317002546,24.111111111111114,22.11111111111111,65.0,72.0,4.0,225.0,12.0,225.0,0.0,0.0,16.819379523458892,22.11111111111111,22.11111111111111,0.0,,,,,,-67.77777777777777,-67.77777777777777,-67.77777777777777,-67.77777777777777,-67.77777777777777,-67.77777777777777,,,0.0,8.0,0.0,32.0,0.0,8.0,99.0833333333333,0.0,4.36,,,,,,,,,,,23.16663617770811,13.3333333333333
2025-01-15 13:35:00,1,5,29.526,29.187587696582,29.5280664373768,24.166666666666668,22.055555555555557,65.0,70.0,7.0,225.0,15.0,247.5,0.0,0.0,16.322474660927668,22.055555555555557,22.055555555555557,0.0,,,,,,-67.77777777777777,-67.77777777777777,-67.77777777777777,-67.77777777777777,-67.77777777777777,-67.77777777777777,,,0.0,8.0,0.0,0.0,0.0,8.0,99.0833333333333,0.0,4.36,,,,,,,,,,,21.97641102083339,13.9166666666667
2025-01-15 13:40:00,1,5,29.522,29.1836823984395,29.5241233229399,24.166666666666668,22.16666666666667,65.0,71.0,5.0,225.0,12.0,225.0,0.0,0.0,16.6520840920265,22.16666666666667,22.16666666666667,0.0,,,,,,-67.77777777777777,-67.77777777777777,-67.77777777777777,-67.77777777777777,-67.77777777777777,-67.77777777777777,,,0.0,8.0,0.0,0.0,0.0,8.0,99.9375,0.0,4.36,,,,,,,,,,,22.84270856838322,14.3333333333333
2025-01-15 13:45:00,1,5,29.514,29.1758486141553,29.516213678615,24.166666666666668,22.22222222222222,65.0,73.0,5.0,225.0,15.0,202.5,0.0,0.0,17.144043858759275,22.22222222222222,22.22222222222222,0.0,,,,,,-67.77777777777777,-67.77777777777777,-67.77777777777777,-67.77777777777777,-67.77777777777777,-67.77777777777777,,,0.0,8.0,0.0,0.0,0.0,8.0,99.9375,0.0,4.36,,,,,,,,,,,23.09575911819689,14.75
2025-01-15 13:50:00,1,5,29.51,29.1720113537706,29.5123392579204,24.166666666666668,22.333333333333332,65.0,76.0,5.0,225.0,12.0,180.0,0.0,0.0,17.89015198681178,22.333333333333332,22.333333333333332,0.0,,,,,,-67.77777777777777,-67.77777777777777,-67.77777777777777,-67.77777777777777,-67.77777777777777,-67.77777777777777,,,0.0,8.0,0.0,0.0,0.0,8.0,99.9375,0.0,4.36,,,,,,,,,,,23.516839129099274,15.1666666666667
2025-01-15 13:55:00,1,5,29.512,29.1739627832207,29.5143095852725,24.222222222222218,22.16666666666667,64.0,76.0,6.0,225.0,14.0,247.5,0.0,0.0,17.729130552054944,22.16666666666667,22.16666666666667,0.0,,,,,,-67.77777777777777,-67.77777777777777,-67.77777777777777,-67.77777777777777,-67.77777777777777,-67.77777777777777,,,0.0,8.0,0.0,0.0,0.0,8.0,99.9375,0.0,4.36,,,,,,,,,,,22.969265713261557,15.6666666666667
2025-01-15 14:00:00,1,5,29.503,29.1650817989684,29.5053425944371,24.222222222222218,22.055555555555557,64.0,77.0,5.0,202.5,14.0,157.5,0.0,0.0,17.829536312514495,22.055555555555557,22.055555555555557,0.0,,,,,,-67.77777777777777,-67.77777777777777,3.3333333333333335,-67.77777777777777,-67.77777777777777,-67.77777777777777,,,0.0,8.0,0.0,8.0,0.0,8.0,99.9375,0.0,4.36,,,,,,,,,,,23.213400067361167,16.0833333333333
2025-01-15 14:05:00,1,5,29.501,29.1630945001834,29.5033360492649,24.222222222222218,21.77777777777778,64.0,78.0,6.0,225.0,12.0,225.0,0.0,0.0,17.765693070873223,21.77777777777778,21.77777777777778,0.0,,,,,,-67.77777777777777,-67.77777777777777,3.3333333333333335,-67.77777777777777,-67.77777777777777,-67.77777777777777,,,0.0,8.0,0.0,8.0,0.0,8.0,99.9375,0.0,4.36,,,,,,,,,,,22.595759830018828,16.5833333333333
2025-01-15 14:10:00,1,5,29.499,29.1611259784507,29.501348462748,24.27777777777778,21.833333333333332,64.0,78.0,4.0,225.0,11.0,292.5,0.0,0.0,17.81954371344133,21.833333333333332,21.833333333333332,0.0,,,,,,-67.77777777777777,-67.77777777777777,3.3333333333333335,-67.77777777777777,-67.77777777777777,-67.77777777777777,,,0.0,8.0,0.0,8.0,0.0,8.0,99.9375,0.0,4.36,,,,,,,,,,,23.299882973394276,16.9166666666667
2025-01-15 14:15:00,1,5,29.5,29.1620832557871,29.5023150111765,24.27777777777778,22.055555555555557,64.0,76.0,5.0,225.0,12.0,202.5,0.0,0.0,17.62178096943522,22.055555555555557,22.055555555555557,0.0,,,,,,-67.77777777777777,-67.77777777777777,3.3333333333333335,-67.77777777777777,-67.77777777777777,-67.77777777777777,,,0.0,8.0,0.0,8.0,0.0,8.0,100.0,0.0,4.36,,,,,,,,,,,23.12609512420639,17.3333333333333
2025-01-15 14:20:00,1,5,29.506,29.1680315085968,29.5083208706485,24.27777777777778,22.16666666666667,64.0,76.0,4.0,202.5,12.0,202.5,0.0,0.0,17.729130552054944,22.16666666666667,22.16666666666667,0.0,,,,,,-67.77777777777777,-67.77777777777777,3.3333333333333335,-67.77777777777777,-67.77777777777777,-67.77777777777777,,,0.0,8.0,0.0,8.0,0.0,8.0,99.9375,0.0,4.36,,,,,,,,,,,23.595120157706003,17.6666666666667
2025-01-15 14:25:00,1,5,29.51,29.1719527786032,29.5122801154995,24.333333333333332,22.38888888888889,64.0,74.0,5.0,157.5,16.0,180.0,0.0,0.0,17.519964557761114,22.38888888888889,22.38888888888889,0.0,,,,,,-67.77777777777777,-67.77777777777777,3.3333333333333335,-67.77777777777777,-67.77777777777777,-67.77777777777777,,,0.0,8.0,0.0,8.0,0.0,8.0,99.9375,0.0,4.36,,,,,,,,,,,23.417005869433222,18.0833333333333
2025-01-15 14:30:00,1,5,29.513,29.1748349068899,29.5151901546251,24.333333333333332,22.277777777777775,64.0,72.0,6.0,225.0,13.0,180.0,0.0,0.0,16.97932403668061,22.277777777777775,22.277777777777775,0.0,,,,,,-67.77777777777777,-67.77777777777777,3.3333333333333335,-67.77777777777777,-67.77777777777777,-67.77777777777777,,,0.0,8.0,0.0,8.0,0.0,8.0,99.9375,0.0,4.36,,,,,,,,,,,22.771660467285056,18.5833333333333
2025-01-15 14:35:00,1,5,29.518,29.1797864096881,29.5201896070767,24.388888888888893,22.11111111111111,64.0,73.0,4.0,225.0,11.0,180.0,0.0,0.0,17.03723106594872,22.11111111111111,22.11111111111111,0.0,,,,,,-67.77777777777777,-67.77777777777777,3.3333333333333335,-67.77777777777777,-67.77777777777777,-67.77777777777777,,,0.0,8.0,0.0,8.0,0.0,8.0,99.0833333333333,0.0,4.36,,,,,,,,,,,23.254236649312052,18.9166666666667
2025-01-15 14:40:00,1,5,29.521,29.1820957469685,29.5225213071215,24.388888888888893,21.944444444444443,64.0,73.0,4.0,225.0,15.0,225.0,0.0,0.0,16.877008531377832,21.944444444444443,21.944444444444443,0.0,,,,,,-67.77777777777777,-67.77777777777777,3.3333333333333335,-67.77777777777777,-67.77777777777777,-67.77777777777777,,,0.0,8.0,0.0,8.0,0.0,8.0,99.0833333333333,0.0,4.36,,,,,,,,,,,23.023039884987387,19.25
2025-01-15 14:45:00,1,5,29.523,29.1840647687357,29.524509395897,24.388888888888893,21.666666666666668,64.0,74.0,4.0,225.0,10.0,135.0,0.0,0.0,16.824493417337333,21.666666666666668,21.666666666666668,0.0,,,,,,-67.77777777777777,-67.77777777777777,3.3333333333333335,-67.77777777777777,-67.77777777777777,-67.77777777777777,,,0.0,8.0,0.0,8.0,0.0,8.0,99.9375,0.0,4.36,,,,,,,,,,,22.724235974309224,19.5833333333333
2025-01-15 14:50:00,1,5,29.523,29.18411275332,29.5245578451366,24.388888888888893,21.555555555555557,64.0,76.0,4.0,225.0,9.0,292.5,0.0,0.0,17.138688448114774,21.555555555555557,21.555555555555557,0.0,,,,,,-67.77777777777777,-67.77777777777777,3.3333333333333335,-67.77777777777777,-67.77777777777777,-67.77777777777777,,,0.0,8.0,0.0,8.0,0.0,8.0,99.9375,0.0,4.36,,,,,,,,,,,22.73984064186522,19.9166666666667
2025-01-15 14:55:00,1,5,29.527,29.1880655505421,29.5285489184886,24.388888888888893,21.333333333333336,64.0,77.0,4.0,225.0,9.0,157.5,0.0,0.0,17.13059128922328,21.333333333333336,21.333333333333336,0.0,,,,,,-67.77777777777777,-67.77777777777777,3.3333333333333335,-67.77777777777777,-67.77777777777777,-67.77777777777777,,,0.0,8.0,0.0,8.0,0.0,8.0,99.9375,0.0,4.36,,,,,,,,,,,22.514325040385668,20.25
2025-01-15 15:00:00,1,5,29.524,29.1851148822007,29.5255696780278,24.388888888888893,21.22222222222222,64.0,78.0,5.0,225.0,11.0,202.5,0.0,0.0,17.22716703439689,21.22222222222222,21.22222222222222,0.0,,,,,,3.3333333333333335,-67.77777777777777,3.3333333333333335,-67.77777777777777,-67.77777777777777,-67.77777777777777,,,0.0,8.0,0.0,8.0,0.0,8.0,99.9375,0.0,4.36,,,,,,,,,,,22.129663568862334,20.6666666666667
2025-01-15 15:05:00,1,5,29.523,29.1834838832615,29.523922885448,24.444444444444443,21.166666666666664,64.0,78.0,4.0,180.0,14.0,180.0,0.0,0.0,17.173312469591835,21.166666666666664,21.166666666666664,0.0,,,,,,3.3333333333333335,-67.77777777777777,3.3333333333333335,-67.77777777777777,-67.77777777777777,-67.77777777777777,,,0.0,8.0,0.0,8.0,0.0,8.0,99.9375,0.0,4.36,,,,,,,,,,,22.36505113911572,21.0
2025-01-15 15:10:00,1,5,29.524,29.1844557211802,29.5249041340975,24.444444444444443,21.055555555555557,64.0,78.0,6.0,180.0,11.0,202.5,0.0,0.0,17.0656022702135,21.055555555555557,21.055555555555557,0.0,,,,,,3.3333333333333335,-67.77777777777777,3.3333333333333335,-67.77777777777777,-67.77777777777777,-67.77777777777777,,,0.0,8.0,0.0,8.0,0.0,8.0,99.9375,0.0,4.36,,,,,,,,,,,21.58431308087267,21.5
2025-01-15 15:15:00,1,5,29.53,29.1903701497774,29.5308758333978,24.444444444444443,20.944444444444443,64.0,78.0,5.0,225.0,11.0,157.5,0.0,0.0,16.95789064445378,20.944444444444443,20.944444444444443,0.0,,,,,,3.3333333333333335,-67.77777777777777,3.3333333333333335,-67.77777777777777,-67.77777777777777,-67.77777777777777,,,0.0,8.0,0.0,40.0,0.0,8.0,99.9375,0.0,4.36,,,,,,,,,,,21.74261651811233,21.9166666666667
2025-01-15 15:20:00,1,5,29.529,29.1893651810771,29.5298611335225,24.444444444444443,20.833333333333332,64.0,78.0,5.0,202.5,12.0,180.0,0.0,0.0,16.850177592284503,20.833333333333332,20.833333333333332,0.0,,,,,,3.3333333333333335,-67.77777777777777,3.3333333333333335,-67.77777777777777,-67.77777777777777,-67.77777777777777,,,0.0,8.0,0.0,40.0,0.0,8.0,100.0,0.0,4.36,,,,,,,,,,,21.588251256896836,22.3333333333333
2025-01-15 15:25:00,1,5,29.529,29.1893876927587,29.5298838631869,24.444444444444443,20.777777777777782,64.0,79.0,5.0,225.0,11.0,180.0,0.0,0.0,16.997470902043723,20.777777777777782,20.777777777777782,0.0,,,,,,3.3333333333333335,-67.77777777777777,3.3333333333333335,-67.77777777777777,-67.77777777777777,-67.77777777777777,,,0.0,8.0,0.0,40.0,0.0,8.0,99.0833333333333,0.0,4.36,,,,,,,,,,,21.59190905732722,22.75
2025-01-15 15:30:00,1,5,29.527,29.1874106947099,29.5278877215579,24.444444444444443,20.777777777777782,64.0,79.0,3.0,180.0,10.0,157.5,0.0,0.0,16.997470902043723,20.777777777777782,20.777777777777782,0.0,,,,,,3.3333333333333335,-67.77777777777777,3.3333333333333335,-67.77777777777777,-67.77777777777777,-67.77777777777777,,,0.0,8.0,0.0,8.0,0.0,8.0,99.0833333333333,0.0,4.36,,,,,,,,,,,22.217763501771667,23.0
2025-01-15 15:35:00,1,5,29.522,29.1824599237571,29.5228890104319,24.444444444444443,20.72222222222222,64.0,79.0,5.0,157.5,12.0,202.5,0.0,0.0,16.943528323495443,20.72222222222222,20.72222222222222,0.0,,,,,,3.3333333333333335,-67.77777777777777,3.3333333333333335,-67.77777777777777,-67.77777777777777,-67.77777777777777,,,0.0,8.0,0.0,8.0,0.0,8.0,99.9375,0.0,4.36,,,,,,,,,,,21.514611900514613,23.4166666666667
2025-01-15 15:40:00,1,5,29.53,29.1903596600124,29.53086524206,24.444444444444443,20.666666666666668,64.0,79.0,4.0,180.0,10.0,180.0,0.0,0.0,16.889585405812223,20.666666666666668,20.666666666666668,0.0,,,,,,3.3333333333333335,-67.77777777777777,3.3333333333333335,-67.77777777777777,-67.77777777777777,-67.77777777777777,,,0.0,8.0,0.0,40.0,0.0,8.0,99.9375,0.0,4.36,,,,,,,,,,,21.750306768469443,23.75
2025-01-15 15:45:00,1,5,29.527,29.187347434965,29.5278238492551,24.444444444444443,20.555555555555557,64.0,78.0,5.0,157.5,12.0,202.5,0.0,0.0,16.580888721133167,20.555555555555557,20.555555555555557,0.0,,,,,,3.3333333333333335,-67.77777777777777,3.3333333333333335,-67.77777777777777,-67.77777777777777,-67.77777777777777,,,0.0,8.0,0.0,8.0,0.0,8.0,99.9375,0.0,4.36,,,,,,,,,,,21.203460628168884,24.1666666666667
2025-01-15 15:50:00,1,5,29.531,29.1906481969043,29.531156572861,24.444444444444443,20.444444444444443,64.0,78.0,4.0,180.0,10.0,225.0,0.0,0.0,16.473170676307,20.444444444444443,20.444444444444443,0.0,,,,,,3.3333333333333335,-67.77777777777777,3.3333333333333335,-67.77777777777777,-67.77777777777777,-67.77777777777777,,,0.0,8.0,0.0,40.0,0.0,8.0,99.9375,0.0,4.36,,,,,,,,,,,21.362917220573056,24.5
2025-01-15 15:55:00,1,5,29.531,29.1906539885906,29.5311624206284,24.444444444444443,20.27777777777778,64.0,79.0,5.0,202.5,11.0,180.0,0.0,0.0,16.511975485982166,20.27777777777778,20.27777777777778,0.0,,,,,,3.3333333333333335,-67.77777777777777,3.3333333333333335,-67.77777777777777,-67.77777777777777,-67.77777777777777,,,0.0,8.0,0.0,40.0,0.0,8.0,99.9375,0.0,4.36,,,,,,,,,,,20.89855385315311,24.9166666666667
2025-01-15 16:00:00,1,5,29.528,29.1876724065693,29.5281519676283,24.444444444444443,20.166666666666668,64.0,79.0,5.0,157.5,12.0,202.5,0.0,0.0,16.404083885062388,20.166666666666668,20.166666666666668,0.0,,,,,,3.3333333333333335,-67.77777777777777,-67.77777777777777,-67.77777777777777,-67.77777777777777,-67.77777777777777,,,0.0,8.0,0.0,8.0,128.0,8.0,99.9375,0.0,4.36,,,,,,,,,,,20.74517761918606,25.3333333333333
2025-01-15 16:05:00,1,5,29.531,29.1906378298021,29.5311461053741,24.388888888888893,20.166666666666668,64.0,79.0,4.0,202.5,11.0,202.5,0.0,0.0,16.404083885062388,20.166666666666668,20.166666666666668,0.0,,,,,,3.3333333333333335,-67.77777777777777,-67.77777777777777,-67.77777777777777,-67.77777777777777,-67.77777777777777,,,0.0,8.0,0.0,40.0,128.0,8.0,99.9375,0.0,4.36,,,,,,,,,,,21.058104841408277,25.6666666666667
2025-01-15 16:10:00,1,5,29.528,29.187656344913,29.5281357504437,24.388888888888893,20.055555555555554,64.0,79.0,5.0,180.0,12.0,180.0,0.0,0.0,16.296190927474832,20.055555555555554,20.055555555555554,0.0,,,,,,3.3333333333333335,-67.77777777777777,-67.77777777777777,-67.77777777777777,-67.77777777777777,-67.77777777777777,,,0.0,8.0,0.0,8.0,128.0,8.0,99.9375,0.0,4.36,,,,,,,,,,,20.592054118605223,26.0833333333333
2025-01-15 16:15:00,1,5,29.527,29.1866892700485,29.5271593111675,24.388888888888893,20.0,63.0,80.0,6.0,225.0,14.0,247.5,0.0,0.0,16.4399978380835,20.0,20.0,0.0,,,,,,3.3333333333333335,-67.77777777777777,-67.77777777777777,-67.77777777777777,-67.77777777777777,-67.77777777777777,,,0.0,8.0,0.0,8.0,128.0,8.0,99.9375,0.0,4.36,,,,,,,,,,,20.279624367239723,26.5833333333333
2025-01-15 16:20:00,1,5,29.535,29.1945729198445,29.5351192984574,24.388888888888893,19.833333333333332,63.0,80.0,4.0,202.5,9.0,180.0,0.0,0.0,16.277902756808054,19.833333333333332,19.833333333333332,0.0,,,,,,3.3333333333333335,-67.77777777777777,-67.77777777777777,-67.77777777777777,-67.77777777777777,-67.77777777777777,,,0.0,8.0,0.0,40.0,128.0,8.0,99.0833333333333,0.0,4.36,,,,,,,,,,,20.675662906719726,26.9166666666667
2025-01-15 16:25:00,1,5,29.536,29.1955613936186,29.5361173433594,24.333333333333332,19.833333333333332,63.0,80.0,5.0,180.0,12.0,180.0,0.0,0.0,16.277902756808054,19.833333333333332,19.833333333333332,0.0,,,,,,3.3333333333333335,-67.77777777777777,-67.77777777777777,-67.77777777777777,-67.77777777777777,-67.77777777777777,,,0.0,8.0,0.0,40.0,128.0,8.0,100.0,0.0,4.36,,,,,,,,,,,20.3627356844975,27.3333333333333
2025-01-15 16:30:00,1,5,29.542,29.2008363603165,29.5414433851059,24.333333333333332,19.72222222222222,63.0,80.0,5.0,202.5,10.0,247.5,0.0,0.0,16.1698377601135,19.72222222222222,19.72222222222222,0.0,,,,,,3.3333333333333335,-67.77777777777777,-67.77777777777777,-67.77777777777777,-67.77777777777777,-67.77777777777777,,,0.0,8.0,0.0,40.0,128.0,8.0,99.0833333333333,0.0,4.36,,,,,,,,,,,20.20984042433411,27.75
2025-01-15 16:35:00,1,5,29.545,29.2037490958546,29.5443843225518,24.333333333333332,19.555555555555557,63.0,79.0,6.0,180.0,15.0,180.0,0.0,0.0,15.810655828881226,19.555555555555557,19.555555555555557,0.0,,,,,,3.3333333333333335,-67.77777777777777,-67.77777777777777,-67.77777777777777,-67.77777777777777,-67.77777777777777,,,0.0,8.0,0.0,40.0,128.0,8.0,99.0833333333333,0.0,4.36,,,,,,,,,,,19.593164527133997,28.25
2025-01-15 16:40:00,1,5,29.545,29.2037126398722,29.5443475135959,24.27777777777778,19.499999999999996,63.0,78.0,5.0,180.0,14.0,202.5,0.0,0.0,15.557509695986832,19.499999999999996,19.499999999999996,0.0,,,,,,3.3333333333333335,-67.77777777777777,-67.77777777777777,-67.77777777777777,-67.77777777777777,-67.77777777777777,,,0.0,8.0,0.0,40.0,128.0,8.0,99.9375,0.0,4.36,,,,,,,,,,,19.755565042295277,28.6666666666667
2025-01-15 16:45:00,1,5,29.55,29.2086471842441,29.5493298343707,24.27777777777778,19.444444444444443,63.0,78.0,7.0,180.0,15.0,225.0,0.0,0.0,15.503644075299222,19.444444444444443,19.444444444444443,0.0,,,,,,3.3333333333333335,-67.77777777777777,-67.77777777777777,-67.77777777777777,-67.77777777777777,-67.77777777777777,,,0.0,8.0,0.0,40.0,128.0,8.0,99.9375,0.0,4.36,,,,,,,,,,,19.054119996836498,29.25
2025-01-15 16:50:00,1,5,29.547,29.2057153838306,29.5463696483659,24.27777777777778,19.27777777777778,63.0,80.0,6.0,157.5,12.0,157.5,0.0,0.0,15.737564899416391,19.27777777777778,19.27777777777778,0.0,,,,,,3.3333333333333335,-67.77777777777777,-67.77777777777777,-67.77777777777777,-67.77777777777777,-67.77777777777777,,,0.0,8.0,0.0,40.0,128.0,8.0,99.9375,0.0,4.36,,,,,,,,,,,19.287827238015772,29.75
2025-01-15 16:55:00,1,5,29.552,29.2106544350637,29.5513565190104,24.222222222222218,19.055555555555557,63.0,81.0,5.0,180.0,11.0,180.0,0.0,0.0,15.715608564805002,19.055555555555557,19.055555555555557,0.0,,,,,,3.3333333333333335,-67.77777777777777,-67.77777777777777,-67.77777777777777,-67.77777777777777,-67.77777777777777,,,0.0,8.0,0.0,40.0,128.0,8.0,99.9375,0.0,4.36,,,,,,,,,,,19.370275442164278,30.1666666666667
2025-01-15 17:00:00,1,5,29.552,29.2106902162142,29.5513926465848,24.222222222222218,19.111111111111114,63.0,82.0,3.0,180.0,9.0,202.5,0.0,0.0,15.961907776989502,19.111111111111114,19.111111111111114,0.0,,,,,,-67.77777777777777,-67.77777777777777,-67.77777777777777,-67.77777777777777,3.3333333333333335,-67.77777777777777,,,0.0,8.0,0.0,32.0,128.0,8.0,99.9375,0.0,4.36,,,,,,,,,,,20.14489181969894,30.4166666666667
2025-01-15 17:05:00,1,5,29.553,29.2116585597637,29.5523703653587,24.222222222222218,19.166666666666668,63.0,81.0,4.0,157.5,12.0,225.0,0.0,0.0,15.823847140418334,19.166666666666668,19.166666666666668,0.0,,,,,,-67.77777777777777,-67.77777777777777,-67.77777777777777,-67.77777777777777,3.3333333333333335,-67.77777777777777,,,0.0,8.0,0.0,32.0,128.0,8.0,99.9375,0.0,4.36,,,,,,,,,,,19.835115997234386,30.75
2025-01-15 17:10:00,1,5,29.559,29.2175767770213,29.5583458798069,24.166666666666668,19.27777777777778,63.0,80.0,5.0,180.0,11.0,202.5,0.0,0.0,15.737564899416391,19.27777777777778,19.27777777777778,0.0,,,,,,-67.77777777777777,-67.77777777777777,-67.77777777777777,-67.77777777777777,3.3333333333333335,-67.77777777777777,,,0.0,8.0,0.0,32.0,128.0,8.0,99.9375,0.0,4.36,,,,,,,,,,,19.600754460238,31.1666666666667
2025-01-15 17:15:00,1,5,29.562,29.2205293453329,29.5613270325647,24.166666666666668,19.388888888888893,63.0,79.0,7.0,157.5,16.0,180.0,0.0,0.0,15.648804690493554,19.388888888888893,19.388888888888893,0.0,,,,,,-67.77777777777777,-67.77777777777777,-67.77777777777777,-67.77777777777777,3.3333333333333335,-67.77777777777777,,,0.0,8.0,0.0,32.0,128.0,8.0,99.9375,0.0,4.37,,,,,,,,,,,19.052694766927722,31.75
2025-01-15 17:20:00,1,5,29.561,29.2195278167969,29.5603158080782,24.166666666666668,19.499999999999996,63.0,78.0,6.0,157.5,15.0,225.0,0.0,0.0,15.557509695986832,19.499999999999996,19.499999999999996,0.0,,,,,,-67.77777777777777,-67.77777777777777,-67.77777777777777,-67.77777777777777,3.3333333333333335,-67.77777777777777,,,0.0,8.0,0.0,32.0,128.0,8.0,99.0833333333333,0.0,4.36,,,,,,,,,,,19.442637820073053,32.25
2025-01-15 17:25:00,1,5,29.563,29.22149133032,29.5622983306154,24.111111111111114,19.61111111111111,63.0,77.0,7.0,157.5,16.0,202.5,0.0,0.0,15.463621016560612,19.61111111111111,19.61111111111111,0.0,,,,,,-67.77777777777777,-67.77777777777777,-67.77777777777777,-67.77777777777777,3.3333333333333335,-67.77777777777777,,,0.0,8.0,0.0,32.0,128.0,8.0,99.9375,0.0,4.36,,,,,,,,,,,19.20593946443356,32.8333333333333
2025-01-15 17:30:00,1,5,29.564,29.2224951471467,29.563311865421,24.111111111111114,19.72222222222222,63.0,77.0,7.0,180.0,17.0,180.0,0.0,0.0,15.571178339691834,19.72222222222222,19.72222222222222,0.0,,,,,,-67.77777777777777,-67.77777777777777,-67.77777777777777,-67.77777777777777,3.3333333333333335,-67.77777777777777,,,0.0,8.0,0.0,32.0,128.0,8.0,100.0,0.0,4.36,,,,,,,,,,,19.35702644314383,33.4166666666667
2025-01-15 17:35:00,1,5,29.566,29.2244720443966,29.5653079008822,24.055555555555557,19.72222222222222,63.0,77.0,6.0,157.5,15.0,202.5,0.0,0.0,15.571178339691834,19.72222222222222,19.72222222222222,0.0,,,,,,-67.77777777777777,-67.77777777777777,-67.77777777777777,-67.77777777777777,3.3333333333333335,-67.77777777777777,,,0.0,8.0,0.0,32.0,128.0,8.0,99.0833333333333,0.0,4.36,,,,,,,,,,,19.66995366536606,33.9166666666667
2025-01-15 17:40:00,1,5,29.569,29.2274296931653,29.5682941819909,24.055555555555557,19.66666666666667,63.0,77.0,6.0,157.5,16.0,225.0,0.0,0.0,15.517399865282442,19.66666666666667,19.66666666666667,0.0,,,,,,-67.77777777777777,-67.77777777777777,-67.77777777777777,-67.77777777777777,3.3333333333333335,-67.77777777777777,,,0.0,8.0,0.0,32.0,128.0,8.0,99.9375,0.0,4.36,,,,,,,,,,,19.594380080847785,34.4166666666667
2025-01-15 17:45:00,1,5,29.575,29.2333374244981,29.5742591031001,24.055555555555557,19.499999999999996,63.0,77.0,9.0,202.5,17.0,202.5,0.0,0.0,15.356062196164054,19.499999999999996,19.499999999999996,0.0,,,,,,-67.77777777777777,-67.77777777777777,-67.77777777777777,-67.77777777777777,3.3333333333333335,-67.77777777777777,,,0.0,8.0,0.0,32.0,128.0,8.0,99.0833333333333,0.0,4.36,,,,,,,,,,,18.429238189901167,35.1666666666667
2025-01-15 17:50:00,1,5,29.572,29.2310186710507,29.5719179032298,24.055555555555557,19.333333333333332,63.0,78.0,9.0,202.5,16.0,157.5,0.0,0.0,15.395911763826279,19.333333333333332,19.333333333333332,0.0,,,,,,-67.77777777777777,-67.77777777777777,-67.77777777777777,-67.77777777777777,3.3333333333333335,-67.77777777777777,,,0.0,8.0,0.0,32.0,128.0,8.0,99.9375,0.0,4.36,,,,,,,,,,,18.277265255263167,35.9166666666667
2025-01-15 17:55:00,1,5,29.575,29.2339764718066,29.5749043365718,24.0,19.27777777777778,63.0,78.0,7.0,225.0,18.0,180.0,0.0,0.0,15.34204507303389,19.27777777777778,19.27777777777778,0.0,,,,,,-67.77777777777777,-67.77777777777777,-67.77777777777777,-67.77777777777777,3.3333333333333335,-67.77777777777777,,,0.0,8.0,0.0,32.0,128.0,8.0,99.9375,0.0,4.36,,,,,,,,,,,18.82770969595428,36.5
2025-01-15 18:00:00,1,5,29.58,29.2389264266766,29.5799022075658,24.0,19.333333333333332,63.0,78.0,5.0,157.5,12.0,180.0,0.0,0.0,15.395911763826279,19.333333333333332,19.333333333333332,0.0,,,,,,-67.77777777777777,-67.77777777777777,-67.77777777777777,-67.77777777777777,3.3333333333333335,-67.77777777777777,,,0.0,8.0,0.0,32.0,0.0,8.0,99.9375,0.0,4.36,,,,,,,,,,,19.528974144152055,36.9166666666667
2025-01-15 18:05:00,1,5,29.582,29.2402877600279,29.5812767185064,23.944444444444443,19.111111111111114,63.0,80.0,8.0,225.0,18.0,180.0,0.0,0.00787401575,15.575457265957779,19.111111111111114,19.111111111111114,0.0,,,,,,-67.77777777777777,-67.77777777777777,-67.77777777777777,-67.77777777777777,3.3333333333333335,-67.77777777777777,,,0.0,8.0,2.0,32.0,0.0,8.0,99.9375,0.0,4.36,,,,,,,,,,,18.43458345553283,37.5833333333333
2025-01-15 18:10:00,1,5,29.588,29.2462581759097,29.5873049261145,23.944444444444443,18.61111111111111,63.0,84.0,6.0,225.0,17.0,157.5,0.0,0.0,15.850905284588947,18.61111111111111,18.61111111111111,0.0,,,,,,-67.77777777777777,-67.77777777777777,-67.77777777777777,-67.77777777777777,3.3333333333333335,-67.77777777777777,,,0.0,8.0,2.0,32.0,0.0,8.0,99.9375,0.0,4.36,,,,,,,,,,,18.663944681124224,38.0833333333333
2025-01-15 18:15:00,1,5,29.595,29.2531036522744,29.5942166617391,23.944444444444443,18.277777777777782,63.0,83.0,8.0,225.0,18.0,247.5,0.0,0.0,15.337773893233166,18.277777777777782,18.277777777777782,0.0,,,,,,-67.77777777777777,-67.77777777777777,-67.77777777777777,-67.77777777777777,3.3333333333333335,-67.77777777777777,,,0.0,8.0,2.0,32.0,0.0,8.0,99.9375,0.0,4.36,,,,,,,,,,,17.513210751773443,38.75
2025-01-15 18:20:00,1,5,29.595,29.2530993145883,29.5942122820682,23.944444444444443,18.055555555555557,63.0,84.0,7.0,180.0,16.0,247.5,0.0,0.0,15.307238129317,18.055555555555557,18.055555555555557,0.0,,,,,,-67.77777777777777,-67.77777777777777,-67.77777777777777,-67.77777777777777,3.3333333333333335,-67.77777777777777,,,0.0,8.0,2.0,32.0,0.0,8.0,99.9375,0.0,4.37,,,,,,,,,,,17.592690093160385,39.3333333333333
2025-01-15 18:25:00,1,5,29.595,29.2537484913733,29.5948677422613,23.944444444444443,18.111111111111107,63.0,84.0,6.0,180.0,15.0,180.0,0.0,0.0,15.361605986982832,18.111111111111107,18.111111111111107,0.0,,,,,,-67.77777777777777,-67.77777777777777,-67.77777777777777,-67.77777777777777,3.3333333333333335,-67.77777777777777,,,0.0,8.0,2.0,32.0,0.0,8.0,99.9375,0.0,4.36,,,,,,,,,,,17.98117315998894,39.8333333333333
2025-01-15 18:30:00,1,5,29.597,29.2557331205577,29.5968715805859,23.944444444444443,18.166666666666668,63.0,84.0,6.0,225.0,13.0,225.0,0.0,0.0,15.415973590835389,18.166666666666668,18.166666666666668,0.0,,,,,,-67.77777777777777,-67.77777777777777,-67.77777777777777,-67.77777777777777,3.3333333333333335,-67.77777777777777,,,0.0,8.0,2.0,32.0,0.0,8.0,99.9375,0.0,4.36,,,,,,,,,,,18.05679011286217,40.3333333333333
2025-01-15 18:35:00,1,5,29.601,29.2596606894501,29.6008371635143,23.944444444444443,18.166666666666668,63.0,83.0,7.0,202.5,19.0,180.0,0.0,0.0,15.229199891971778,18.166666666666668,18.166666666666668,0.0,,,,,,-67.77777777777777,-67.77777777777777,-67.77777777777777,-67.77777777777777,3.3333333333333335,-67.77777777777777,,,0.0,8.0,2.0,32.0,0.0,8.0,100.0,0.0,4.36,,,,,,,,,,,17.67519995278839,40.9166666666667
2025-01-15 18:40:00,1,5,29.607,29.2649453545398,29.6061729761237,23.944444444444443,17.944444444444443,63.0,84.0,7.0,225.0,23.0,157.5,0.0,0.0,15.198501652538223,17.944444444444443,17.944444444444443,0.0,,,,,,-67.77777777777777,-67.77777777777777,-67.77777777777777,-67.77777777777777,3.3333333333333335,-67.77777777777777,,,0.0,8.0,2.0,32.0,0.0,8.0,99.0833333333333,0.0,4.36,,,,,,,,,,,17.441761097762107,41.5
2025-01-15 18:45:00,1,5,29.616,29.2738546639844,29.6151685101373,23.944444444444443,17.666666666666668,63.0,86.0,7.0,225.0,23.0,135.0,0.90551181125,0.02362204725,15.293006932228,17.666666666666668,17.666666666666668,0.0,,,,,,-67.77777777777777,-67.77777777777777,-67.77777777777777,-67.77777777777777,3.3333333333333335,-67.77777777777777,,,0.0,8.0,128.0,32.0,0.0,8.0,99.9375,0.0,4.36,,,,,,,,,,,17.19857606463789,42.0833333333333
2025-01-15 18:50:00,1,5,29.616,29.2738512704504,29.6151650837616,23.944444444444443,17.27777777777778,63.0,88.0,7.0,202.5,18.0,225.0,0.90551181125,0.02362204725,15.2691814185175,17.27777777777778,17.27777777777778,0.0,,,,,,-67.77777777777777,-67.77777777777777,-67.77777777777777,-67.77777777777777,-63.333333333333336,-67.77777777777777,,,0.0,8.0,64.0,32.0,0.0,8.0,99.9375,0.0,4.36,,,,,,,,,,,16.80094873268183,42.6666666666667
2025-01-15 18:55:00,1,5,29.617,29.2741492367807,29.6154659337326,23.944444444444443,16.944444444444443,63.0,88.0,9.0,202.5,24.0,225.0,0.0787401575,0.0,14.941075711033388,16.944444444444443,16.944444444444443,0.0,,,,,,-67.77777777777777,-67.77777777777777,-67.77777777777777,-67.77777777777777,-63.333333333333336,-67.77777777777777,,,0.0,8.0,64.0,32.0,0.0,8.0,99.9375,0.0,4.36,,,,,,,,,,,15.722606595802723,43.4166666666667
2025-01-15 19:00:00,1,5,29.619,29.2761109176982,29.617446599148,23.88888888888889,16.833333333333332,63.0,88.0,9.0,225.0,21.0,157.5,0.0472440945,0.0,14.831705640100113,16.833333333333332,16.833333333333332,0.0,,,,,,-67.77777777777777,-67.77777777777777,-67.77777777777777,-67.77777777777777,-67.77777777777777,-67.77777777777777,,,64.0,8.0,0.0,32.0,0.0,8.0,99.9375,0.0,4.36,,,,,,,,,,,15.572263998627225,44.1666666666667
2025-01-15 19:05:00,1,5,29.621,29.2780559018974,29.6194104060198,23.88888888888889,16.77777777777778,63.0,87.0,8.0,225.0,20.0,180.0,0.031496063,0.0,14.599677463795054,16.77777777777778,16.77777777777778,0.0,,,,,,-67.77777777777777,-67.77777777777777,-67.77777777777777,-67.77777777777777,-67.77777777777777,-67.77777777777777,,,64.0,8.0,0.0,32.0,0.0,8.0,99.9375,0.0,4.36,,,,,,,,,,,15.747204197645333,44.8333333333333
2025-01-15 19:10:00,1,5,29.631,29.2879401245441,29.6293902799874,23.88888888888889,16.77777777777778,63.0,87.0,6.0,225.0,15.0,202.5,0.0,0.0,14.599677463795054,16.77777777777778,16.77777777777778,0.0,,,,,,-67.77777777777777,-67.77777777777777,-67.77777777777777,-67.77777777777777,-67.77777777777777,-67.77777777777777,,,64.0,8.0,0.0,32.0,0.0,8.0,99.9375,0.0,4.36,,,,,,,,,,,16.37305864208978,45.3333333333333
2025-01-15 19:15:00,1,5,29.636,29.2928335744959,29.6343310824128,23.833333333333336,16.77777777777778,63.0,85.0,9.0,225.0,19.0,180.0,0.0,0.00787401575,14.239561259688722,16.77777777777778,16.77777777777778,0.0,,,,,,-67.77777777777777,-67.77777777777777,-67.77777777777777,-67.77777777777777,-67.77777777777777,-67.77777777777777,,,64.0,8.0,1.0,32.0,0.0,8.0,99.9375,0.0,4.36,,,,,,,,,,,15.30846446513239,46.0833333333333
2025-01-15 19:20:00,1,5,29.641,29.2977683999099,29.6393136591481,23.833333333333336,16.72222222222222,63.0,85.0,8.0,225.0,16.0,247.5,0.0,0.0,14.185108304925388,16.72222222222222,16.72222222222222,0.0,,,,,,-67.77777777777777,-67.77777777777777,-67.77777777777777,-67.77777777777777,-67.77777777777777,-67.77777777777777,,,64.0,8.0,1.0,32.0,0.0,8.0,99.9375,0.0,4.36,,,,,,,,,,,15.547034644647056,46.75
2025-01-15 19:25:00,1,5,29.643,29.3003930831184,29.6419637392027,23.77777777777778,16.555555555555557,62.0,86.0,9.0,225.0,18.0,270.0,0.0,0.0,14.202411501649001,16.555555555555557,16.555555555555557,0.0,,,,,,-67.77777777777777,-67.77777777777777,-67.77777777777777,-67.77777777777777,-67.77777777777777,-67.77777777777777,,,64.0,8.0,1.0,32.0,0.0,8.0,99.9375,0.0,4.37,,,,,,,,,,,15.073408897649664,47.5
2025-01-15 19:30:00,1,5,29.645,29.3023938770125,29.6439838928003,23.77777777777778,16.555555555555557,62.0,87.0,6.0,225.0,14.0,225.0,0.0,0.0,14.381241373029225,16.555555555555557,16.555555555555557,0.0,,,,,,-67.77777777777777,-67.77777777777777,-67.77777777777777,-67.77777777777777,-67.77777777777777,-67.77777777777777,,,64.0,8.0,1.0,32.0,0.0,8.0,99.9375,0.0,4.36,,,,,,,,,,,16.074216126433722,48.0
2025-01-15 19:35:00,1,5,29.646,29.3033896724487,29.6449893234699,23.72222222222222,16.61111111111111,62.0,87.0,7.0,225.0,22.0,247.5,0.0,0.0,14.435850701842112,16.61111111111111,16.61111111111111,0.0,,,,,,-67.77777777777777,-67.77777777777777,-67.77777777777777,-67.77777777777777,-67.77777777777777,-67.77777777777777,,,64.0,8.0,1.0,32.0,0.0,8.0,99.9375,0.0,4.36,,,,,,,,,,,15.835910886383836,48.5833333333333
2025-01-15 19:40:00,1,5,29.648,29.3059690362219,29.6475936446603,23.666666666666664,16.666666666666668,62.0,85.0,6.0,225.0,19.0,225.0,0.0,0.0,14.130655113019388,16.666666666666668,16.666666666666668,0.0,,,,,,-67.77777777777777,-67.77777777777777,-67.77777777777777,-67.77777777777777,-67.77777777777777,-67.77777777777777,,,64.0,8.0,1.0,32.0,0.0,8.0,99.9375,0.0,4.36,,,,,,,,,,,16.09858998759011,49.0833333333333
2025-01-15 19:45:00,1,5,29.652,29.3098889838399,29.6515515201181,23.666666666666664,16.77777777777778,62.0,83.0,8.0,202.5,19.0,225.0,0.0,0.0,13.871933528061723,16.77777777777778,16.77777777777778,0.0,,,,,,-67.77777777777777,-67.77777777777777,-67.77777777777777,-67.77777777777777,-67.77777777777777,-67.77777777777777,,,64.0,8.0,1.0,32.0,0.0,8.0,98.2291666666667,0.0,4.36,,,,,,,,,,,15.495579177063945,49.75
